Released_Year,Runtime,IMDB_Rating,Meta_score,Star1,Star2,Star3,Star4,No_of_Votes,Gross
1994,142,9.3,80.0,Tim Robbins,Morgan Freeman,Bob Gunton,William Sadler,2343110,28341469
1972,175,9.2,100.0,Marlon Brando,Al Pacino,James Caan,Diane Keaton,1620367,134966411
2008,152,9.0,84.0,Christian Bale,Heath Ledger,Aaron Eckhart,Michael Caine,2303232,534858444
1974,202,9.0,90.0,Al Pacino,Robert De Niro,Robert Duvall,Diane Keaton,1129952,57300000
1957,96,9.0,96.0,Henry Fonda,Lee J. Cobb,Martin Balsam,John Fiedler,689845,4360000
2003,201,8.9,94.0,Elijah Wood,Viggo Mortensen,Ian McKellen,Orlando Bloom,1642758,377845905
1994,154,8.9,94.0,John Travolta,Uma Thurman,Samuel L. Jackson,Bruce Willis,1826188,107928762
1993,195,8.9,94.0,Liam Neeson,Ralph Fiennes,Ben Kingsley,Caroline Goodall,1213505,96898818
2010,148,8.8,74.0,Leonardo DiCaprio,Joseph Gordon-Levitt,Elliot Page,Ken Watanabe,2067042,292576195
1999,139,8.8,66.0,Brad Pitt,Edward Norton,Meat Loaf,Zach Grenier,1854740,37030102
2001,178,8.8,92.0,Elijah Wood,Ian McKellen,Orlando Bloom,Sean Bean,1661481,315544750
1994,142,8.8,82.0,Tom Hanks,Robin Wright,Gary Sinise,Sally Field,1809221,330252182
1966,161,8.8,90.0,Clint Eastwood,Eli Wallach,Lee Van Cleef,Aldo Giuffrè,688390,6100000
2002,179,8.7,87.0,Elijah Wood,Ian McKellen,Viggo Mortensen,Orlando Bloom,1485555,342551365
1999,136,8.7,73.0,Lilly Wachowski,Keanu Reeves,Laurence Fishburne,Carrie-Anne Moss,1676426,171479930
1990,146,8.7,90.0,Robert De Niro,Ray Liotta,Joe Pesci,Lorraine Bracco,1020727,46836394
1980,124,8.7,82.0,Mark Hamill,Harrison Ford,Carrie Fisher,Billy Dee Williams,1159315,290475067
1975,133,8.7,83.0,Jack Nicholson,Louise Fletcher,Michael Berryman,Peter Brocco,918088,112000000
2020,160,8.6,90.0,Lin-Manuel Miranda,Phillipa Soo,Leslie Odom Jr.,Renée Elise Goldsberry,55291,
2019,132,8.6,96.0,Kang-ho Song,Lee Sun-kyun,Cho Yeo-jeong,Choi Woo-sik,552778,53367844
2014,169,8.6,74.0,Matthew McConaughey,Anne Hathaway,Jessica Chastain,Mackenzie Foy,1512360,188020017
2002,130,8.6,79.0,Kátia Lund,Alexandre Rodrigues,Leandro Firmino,Matheus Nachtergaele,699256,7563397
2001,125,8.6,96.0,Daveigh Chase,Suzanne Pleshette,Miyu Irino,Rumi Hiiragi,651376,10055859
1998,169,8.6,91.0,Tom Hanks,Matt Damon,Tom Sizemore,Edward Burns,1235804,216540909
1999,189,8.6,61.0,Tom Hanks,Michael Clarke Duncan,David Morse,Bonnie Hunt,1147794,136801374
1997,116,8.6,59.0,Roberto Benigni,Nicoletta Braschi,Giorgio Cantarini,Giustino Durano,623629,57598247
1995,127,8.6,65.0,Morgan Freeman,Brad Pitt,Kevin Spacey,Andrew Kevin Walker,1445096,100125643
1991,118,8.6,85.0,Jodie Foster,Anthony Hopkins,Lawrence A. Bonney,Kasi Lemmons,1270197,130742922
1977,121,8.6,90.0,Mark Hamill,Harrison Ford,Carrie Fisher,Alec Guinness,1231473,322740140
1962,133,8.6,85.0,Tatsuya Nakadai,Akira Ishihama,Shima Iwashita,Tetsurô Tanba,42004,
1954,207,8.6,98.0,Toshirô Mifune,Takashi Shimura,Keiko Tsushima,Yukiko Shimazaki,315744,269061
1946,130,8.6,89.0,James Stewart,Donna Reed,Lionel Barrymore,Thomas Mitchell,405801,
2019,122,8.5,59.0,Joaquin Phoenix,Robert De Niro,Zazie Beetz,Frances Conroy,939252,335451311
2014,106,8.5,88.0,Miles Teller,J.K. Simmons,Melissa Benoist,Paul Reiser,717585,13092000
2011,112,8.5,57.0,Éric Toledano,François Cluzet,Omar Sy,Anne Le Ny,760360,13182281
2006,130,8.5,66.0,Christian Bale,Hugh Jackman,Scarlett Johansson,Michael Caine,1190259,53089891
2006,151,8.5,85.0,Leonardo DiCaprio,Matt Damon,Jack Nicholson,Mark Wahlberg,1189773,132384315
2002,150,8.5,85.0,Adrien Brody,Thomas Kretschmann,Frank Finlay,Emilia Fox,729603,32572577
2000,155,8.5,67.0,Russell Crowe,Joaquin Phoenix,Connie Nielsen,Oliver Reed,1341460,187705427
1998,119,8.5,62.0,Edward Norton,Edward Furlong,Beverly D'Angelo,Jennifer Lien,1034705,6719864
1995,106,8.5,77.0,Kevin Spacey,Gabriel Byrne,Chazz Palminteri,Stephen Baldwin,991208,23341568
1994,110,8.5,64.0,Jean Reno,Gary Oldman,Natalie Portman,Danny Aiello,1035236,19501238
1994,88,8.5,88.0,Rob Minkoff,Matthew Broderick,Jeremy Irons,James Earl Jones,942045,422783777
1991,137,8.5,75.0,Arnold Schwarzenegger,Linda Hamilton,Edward Furlong,Robert Patrick,995506,204843350
1988,155,8.5,80.0,Philippe Noiret,Enzo Cannavale,Antonella Attili,Isa Danieli,230763,11990401
1988,89,8.5,94.0,Tsutomu Tatsumi,Ayano Shiraishi,Akemi Yamaguchi,Yoshiko Shinohara,235231,
1985,116,8.5,87.0,Michael J. Fox,Christopher Lloyd,Lea Thompson,Crispin Glover,1058081,210609762
1968,165,8.5,80.0,Henry Fonda,Charles Bronson,Claudia Cardinale,Jason Robards,302844,5321508
1960,109,8.5,97.0,Anthony Perkins,Janet Leigh,Vera Miles,John Gavin,604211,32000000
1942,102,8.5,100.0,Humphrey Bogart,Ingrid Bergman,Paul Henreid,Claude Rains,522093,1024560
1936,87,8.5,96.0,Charles Chaplin,Paulette Goddard,Henry Bergman,Tiny Sandford,217881,163245
1931,87,8.5,99.0,Charles Chaplin,Virginia Cherrill,Florence Lee,Harry Myers,167839,19181
2018,126,8.4,75.0,Zain Al Rafeea,Yordanos Shiferaw,Boluwatife Treasure Bankole,Kawsar Al Haddad,62635,1661096
2016,106,8.4,79.0,Ryûnosuke Kamiki,Mone Kamishiraishi,Ryô Narita,Aoi Yûki,194838,5017246
2018,117,8.4,87.0,Peter Ramsey,Rodney Rothman,Shameik Moore,Jake Johnson,375110,190241310
2019,181,8.4,78.0,Joe Russo,Robert Downey Jr.,Chris Evans,Mark Ruffalo,809955,858373000
2018,149,8.4,68.0,Joe Russo,Robert Downey Jr.,Chris Hemsworth,Mark Ruffalo,834477,678815482
2017,105,8.4,81.0,Adrian Molina,Anthony Gonzalez,Gael García Bernal,Benjamin Bratt,384171,209726015
2012,165,8.4,81.0,Jamie Foxx,Christoph Waltz,Leonardo DiCaprio,Kerry Washington,1357682,162805434
2012,164,8.4,78.0,Christian Bale,Tom Hardy,Anne Hathaway,Gary Oldman,1516346,448139099
2009,170,8.4,67.0,Aamir Khan,Madhavan,Mona Singh,Sharman Joshi,344445,6532908
2008,98,8.4,95.0,Ben Burtt,Elissa Knight,Jeff Garlin,Fred Willard,999790,223808164
2006,137,8.4,89.0,Ulrich Mühe,Martina Gedeck,Sebastian Koch,Ulrich Tukur,358685,11286112
2003,101,8.4,77.0,Choi Min-sik,Yoo Ji-Tae,Kang Hye-jeong,Kim Byeong-Ok,515451,707481
2000,113,8.4,80.0,Guy Pearce,Carrie-Anne Moss,Joe Pantoliano,Mark Boone Junior,1125712,25544867
1997,134,8.4,76.0,Yôji Matsuda,Yuriko Ishida,Yûko Tanaka,Billy Crudup,343171,2375308
1981,115,8.4,85.0,Harrison Ford,Karen Allen,Paul Freeman,John Rhys-Davies,884112,248159971
1980,146,8.4,66.0,Jack Nicholson,Shelley Duvall,Danny Lloyd,Scatman Crothers,898237,44017374
1979,147,8.4,94.0,Martin Sheen,Marlon Brando,Robert Duvall,Frederic Forrest,606398,83471511
1979,117,8.4,89.0,Sigourney Weaver,Tom Skerritt,John Hurt,Veronica Cartwright,787806,78900000
1964,95,8.4,97.0,Peter Sellers,George C. Scott,Sterling Hayden,Keenan Wynn,450474,275902
1957,88,8.4,90.0,Kirk Douglas,Ralph Meeker,Adolphe Menjou,George Macready,178092,
1954,112,8.4,100.0,James Stewart,Grace Kelly,Wendell Corey,Thelma Ritter,444074,36764313
2019,119,8.3,78.0,Dean-Charles Chapman,George MacKay,Daniel Mays,Colin Firth,425844,159227644
2012,115,8.3,77.0,Mads Mikkelsen,Thomas Bo Larsen,Annika Wedderkopp,Lasse Fogelstrøm,281623,687185
2011,123,8.3,95.0,Payman Maadi,Leila Hatami,Sareh Bayat,Shahab Hosseini,220002,7098492
2010,131,8.3,80.0,Lubna Azabal,Mélissa Désormeaux-Poulin,Maxim Gaudette,Mustafa Kamel,150023,6857096
2009,153,8.3,69.0,Brad Pitt,Diane Kruger,Eli Roth,Mélanie Laurent,1267869,120540719
2004,108,8.3,89.0,Jim Carrey,Kate Winslet,Tom Wilkinson,Gerry Robert Byrne,911664,34400301
2001,122,8.3,69.0,Audrey Tautou,Mathieu Kassovitz,Rufus,Lorella Cravotta,703810,33225499
2000,104,8.3,55.0,Jason Statham,Brad Pitt,Benicio Del Toro,Dennis Farina,782001,30328156
2000,102,8.3,68.0,Ellen Burstyn,Jared Leto,Jennifer Connelly,Marlon Wayans,766870,3635482
1999,122,8.3,84.0,Kevin Spacey,Annette Bening,Thora Birch,Wes Bentley,1069738,130096601
1997,126,8.3,70.0,Robin Williams,Matt Damon,Ben Affleck,Stellan Skarsgård,861606,138433435
1997,89,8.3,77.0,Mohammad Amir Naji,Amir Farrokh Hashemian,Bahare Seddiqi,Nafise Jafar-Mohammadi,65341,933933
1995,81,8.3,95.0,Tom Hanks,Tim Allen,Don Rickles,Jim Varney,887429,191796233
1995,178,8.3,68.0,Mel Gibson,Sophie Marceau,Patrick McGoohan,Angus Macfadyen,959181,75600000
1992,99,8.3,79.0,Harvey Keitel,Tim Roth,Michael Madsen,Chris Penn,918562,2832029
1987,116,8.3,76.0,Matthew Modine,R. Lee Ermey,Vincent D'Onofrio,Adam Baldwin,675146,46357676
1986,137,8.3,84.0,Sigourney Weaver,Michael Biehn,Carrie Henn,Paul Reiser,652719,85160248
1984,160,8.3,88.0,F. Murray Abraham,Tom Hulce,Elizabeth Berridge,Roy Dotrice,369007,51973029
1983,170,8.3,65.0,Al Pacino,Michelle Pfeiffer,Steven Bauer,Mary Elizabeth Mastrantonio,740911,45598982
1983,131,8.3,58.0,Mark Hamill,Harrison Ford,Carrie Fisher,Billy Dee Williams,950470,309125409
1981,149,8.3,86.0,Jürgen Prochnow,Herbert Grönemeyer,Klaus Wennemann,Hubertus Bengsch,231855,11487676
1976,114,8.3,94.0,Robert De Niro,Jodie Foster,Cybill Shepherd,Albert Brooks,724636,28262574
1973,129,8.3,83.0,Paul Newman,Robert Redford,Robert Shaw,Charles Durning,241513,159600000
1971,136,8.3,77.0,Malcolm McDowell,Patrick Magee,Michael Bates,Warren Clarke,757904,6207725
1968,149,8.3,84.0,Keir Dullea,Gary Lockwood,William Sylvester,Daniel Richter,603517,56954992
1965,132,8.3,74.0,Clint Eastwood,Lee Van Cleef,Gian Maria Volontè,Mara Krupp,232772,15000000
1962,228,8.3,100.0,Peter O'Toole,Alec Guinness,Anthony Quinn,Jack Hawkins,268085,44824144
1960,125,8.3,94.0,Jack Lemmon,Shirley MacLaine,Fred MacMurray,Ray Walston,164363,18600000
1959,136,8.3,98.0,Cary Grant,Eva Marie Saint,James Mason,Jessie Royce Landis,299198,13275000
1958,128,8.3,100.0,James Stewart,Kim Novak,Barbara Bel Geddes,Tom Helmore,364368,3200000
1952,103,8.3,99.0,Gene Kelly,Gene Kelly,Donald O'Connor,Debbie Reynolds,218957,8819028
1944,107,8.3,95.0,Fred MacMurray,Barbara Stanwyck,Edward G. Robinson,Byron Barr,143525,5720000
1941,119,8.3,100.0,Orson Welles,Joseph Cotten,Dorothy Comingore,Agnes Moorehead,403351,1585634
1927,153,8.3,98.0,Brigitte Helm,Alfred Abel,Gustav Fröhlich,Rudolf Klein-Rogge,159992,1236166
2018,130,8.2,69.0,Viggo Mortensen,Mahershala Ali,Linda Cardellini,Sebastian Maniscalco,377884,85080171
2017,115,8.2,88.0,Frances McDormand,Woody Harrelson,Sam Rockwell,Caleb Landry Jones,432610,54513740
2019,96,8.2,65.0,Carlos Martínez López,Jason Schwartzman,J.K. Simmons,Rashida Jones,104761,
2013,87,8.2,73.0,Lembit Ulfsak,Elmo Nüganen,Giorgi Nakashidze,Misha Meskhi,40382,144501
2012,321,8.2,89.0,Manoj Bajpayee,Richa Chadha,Nawazuddin Siddiqui,Tigmanshu Dhulia,82365,
2009,129,8.2,80.0,Ricardo Darín,Soledad Villamil,Pablo Rago,Carla Quevedo,193217,6391436
2011,140,8.2,71.0,Tom Hardy,Nick Nolte,Joel Edgerton,Jennifer Morrison,435950,13657115
2010,138,8.2,63.0,Leonardo DiCaprio,Emily Mortimer,Mark Ruffalo,Ben Kingsley,1129894,128012934
2009,96,8.2,88.0,Bob Peterson,Edward Asner,Jordan Nagai,John Ratzenberger,935507,293004164
2013,180,8.2,75.0,Leonardo DiCaprio,Jonah Hill,Margot Robbie,Matthew McConaughey,1187498,116900694
2007,153,8.2,68.0,Shah Rukh Khan,Vidya Malvade,Sagarika Ghatge,Shilpa Shukla,74129,1113541
2007,158,8.2,93.0,Daniel Day-Lewis,Paul Dano,Ciarán Hinds,Martin Stringer,517359,40222514
2006,118,8.2,98.0,Ivana Baquero,Ariadna Gil,Sergi López,Maribel Verdú,618623,37634615
2010,103,8.2,92.0,Tom Hanks,Tim Allen,Joan Cusack,Ned Beatty,757032,415004880
2005,132,8.2,62.0,Hugo Weaving,Natalie Portman,Rupert Graves,Stephen Rea,1032749,70511035
2005,140,8.2,70.0,Christian Bale,Michael Caine,Ken Watanabe,Liam Neeson,1308302,206852432
2004,156,8.2,82.0,Bruno Ganz,Alexandra Maria Lara,Ulrich Matthes,Juliane Köhler,331308,5509040
2004,119,8.2,80.0,Chieko Baishô,Takuya Kimura,Tatsuya Gashûin,Akihiro Miwa,333915,4711096
2001,135,8.2,72.0,Russell Crowe,Ed Harris,Jennifer Connelly,Christopher Plummer,848920,170742341
1998,107,8.2,66.0,Jason Flemyng,Dexter Fletcher,Nick Moran,Jason Statham,535216,3897569
1997,138,8.2,90.0,Kevin Spacey,Russell Crowe,Guy Pearce,Kim Basinger,531967,64616940
1995,170,8.2,76.0,Al Pacino,Robert De Niro,Val Kilmer,Jon Voight,577113,67436818
1995,178,8.2,73.0,Robert De Niro,Sharon Stone,Joe Pesci,James Woods,466276,42438300
1992,130,8.2,85.0,Clint Eastwood,Gene Hackman,Morgan Freeman,Richard Harris,375935,101157447
1989,127,8.2,65.0,Harrison Ford,Sean Connery,Alison Doody,Denholm Elliott,692366,197171806
1988,86,8.2,86.0,Hitoshi Takagi,Noriko Hidaka,Chika Sakamoto,Shigesato Itoi,291180,1105564
1988,132,8.2,72.0,Bruce Willis,Alan Rickman,Bonnie Bedelia,Reginald VelJohnson,793164,83008852
1985,162,8.2,96.0,Tatsuya Nakadai,Akira Terao,Jinpachi Nezu,Daisuke Ryû,112505,4135750
1980,129,8.2,89.0,Robert De Niro,Cathy Moriarty,Joe Pesci,Frank Vincent,321860,23383987
1975,91,8.2,91.0,Terry Jones,Graham Chapman,John Cleese,Eric Idle,500875,1229197
1963,172,8.2,86.0,Steve McQueen,James Garner,Richard Attenborough,Charles Bronson,224730,12100000
1962,129,8.2,88.0,Gregory Peck,John Megna,Frank Overton,Rosemary Murphy,293811,
1961,179,8.2,60.0,Spencer Tracy,Burt Lancaster,Richard Widmark,Marlene Dietrich,69458,
1959,121,8.2,98.0,Marilyn Monroe,Tony Curtis,Jack Lemmon,George Raft,243943,25000000
1957,91,8.2,88.0,Victor Sjöström,Bibi Andersson,Ingrid Thulin,Gunnar Björnstrand,96381,
1957,96,8.2,88.0,Max von Sydow,Gunnar Björnstrand,Bengt Ekerot,Nils Poppe,164939,
1955,118,8.2,97.0,Jean Servais,Carl Möhner,Robert Manuel,Janine Darcey,28810,57226
1954,105,8.2,75.0,Ray Milland,Grace Kelly,Robert Cummings,John Williams,158335,12562
1950,88,8.2,98.0,Toshirô Mifune,Machiko Kyô,Masayuki Mori,Takashi Shimura,152572,96568
1950,138,8.2,98.0,Bette Davis,Anne Baxter,George Sanders,Celeste Holm,120539,10177
1948,126,8.2,98.0,Humphrey Bogart,Walter Huston,Tim Holt,Bruce Bennett,114304,5014000
1942,99,8.2,86.0,Carole Lombard,Jack Benny,Robert Stack,Felix Bressart,29915,
2019,122,8.1,95.0,Noémie Merlant,Adèle Haenel,Luàna Bajrami,Valeria Golino,63134,3759854
2016,130,8.1,78.0,Miyu Irino,Saori Hayami,Aoi Yûki,Kenshô Ono,47708,
2016,145,8.1,84.0,Kim Min-hee,Jung-woo Ha,Cho Jin-woong,Moon So-Ri,113649,2006788
2014,139,8.1,74.0,Anne Dorval,Antoine Olivier Pilon,Suzanne Clément,Patrick Huard,50700,3492754
2017,137,8.1,77.0,Hugh Jackman,Patrick Stewart,Dafne Keen,Boyd Holbrook,647884,226277068
2015,118,8.1,86.0,Brie Larson,Jacob Tremblay,Sean Bridgers,Wendy Crewson,371538,14677674
2014,122,8.1,77.0,Darío Grandinetti,María Marull,Mónica Villa,Diego Starosta,177059,3107072
2020,100,8.1,83.0,Kemp Powers,Jamie Foxx,Tina Fey,Graham Norton,159171,
2014,196,8.1,88.0,Haluk Bilginer,Melisa Sözen,Demet Akbag,Ayberk Pekcan,46547,165520
2014,99,8.1,88.0,Ralph Fiennes,F. Murray Abraham,Mathieu Amalric,Adrien Brody,707630,59100318
2014,149,8.1,79.0,Ben Affleck,Rosamund Pike,Neil Patrick Harris,Tyler Perry,859695,167767189
2012,117,8.1,71.0,Aoi Miyazaki,Takao Osawa,Haru Kuroki,Yukito Nishii,38803,
2016,139,8.1,71.0,Andrew Garfield,Sam Worthington,Luke Bracey,Teresa Palmer,435928,67209615
2015,95,8.1,94.0,Ronnie Del Carmen,Amy Poehler,Bill Hader,Lewis Black,616228,356461711
2013,134,8.1,96.0,Chiwetel Ejiofor,Michael Kenneth Williams,Michael Fassbender,Brad Pitt,640533,56671993
2013,123,8.1,74.0,Daniel Brühl,Chris Hemsworth,Olivia Wilde,Alexandra Maria Lara,432811,26947624
2019,152,8.1,81.0,Matt Damon,Christian Bale,Jon Bernthal,Caitriona Balfe,291289,117624028
2015,129,8.1,93.0,Mark Ruffalo,Michael Keaton,Rachel McAdams,Liev Schreiber,420316,45055776
2014,93,8.1,85.0,David Rawle,Brendan Gleeson,Lisa Hannigan,Fionnula Flanagan,51679,857524
2013,153,8.1,70.0,Hugh Jackman,Jake Gyllenhaal,Viola Davis,Melissa Leo,601149,61002302
2015,120,8.1,90.0,Tom Hardy,Charlize Theron,Nicholas Hoult,Zoë Kravitz,882316,154058340
2008,116,8.1,72.0,Clint Eastwood,Bee Vang,Christopher Carley,Ahney Her,720450,148095302
2011,130,8.1,85.0,Daniel Radcliffe,Emma Watson,Rupert Grint,Michael Gambon,764493,381011219
2008,130,8.1,68.0,Masahiro Motoki,Ryôko Hirosue,Tsutomu Yamazaki,Kazuko Yoshiyuki,48582,1498210
2010,98,8.1,75.0,Chris Sanders,Jay Baruchel,Gerard Butler,Christopher Mintz-Plasse,666773,217581231
2007,148,8.1,73.0,Emile Hirsch,Vince Vaughn,Catherine Keener,Marcia Gay Harden,572921,18354356
2007,122,8.1,91.0,Joel Coen,Tommy Lee Jones,Javier Bardem,Josh Brolin,856916,74283625
2004,132,8.1,86.0,Hilary Swank,Clint Eastwood,Morgan Freeman,Jay Baruchel,635975,100492203
2004,121,8.1,79.0,Don Cheadle,Sophie Okonedo,Joaquin Phoenix,Xolani Mali,334320,23530892
2004,140,8.1,64.0,Jang Dong-Gun,Won Bin,Eun-ju Lee,Hyeong-jin Kong,37820,1111061
2004,80,8.1,90.0,Ethan Hawke,Julie Delpy,Vernon Dobtcheff,Louise Lemoine Torrès,236311,5820649
2003,131,8.1,82.0,Kang-ho Song,Kim Sang-kyung,Roe-ha Kim,Jae-ho Song,139558,14131
2003,111,8.1,69.0,Uma Thurman,David Carradine,Daryl Hannah,Michael Madsen,1000639,70099045
2003,100,8.1,90.0,Lee Unkrich,Albert Brooks,Ellen DeGeneres,Alexander Gould,949565,380843261
2002,141,8.1,75.0,Leonardo DiCaprio,Tom Hanks,Christopher Walken,Martin Sheen,832846,164615351
2000,154,8.1,83.0,Emilio Echevarría,Gael García Bernal,Goya Toledo,Álvaro Guerrero,223741,5383834
2001,92,8.1,79.0,David Silverman,Lee Unkrich,Billy Crystal,John Goodman,815505,289916256
2001,224,8.1,84.0,Aamir Khan,Raghuvir Yadav,Gracy Singh,Rachel Shelley,105036,70147
1999,107,8.1,64.0,Bruce Willis,Haley Joel Osment,Toni Collette,Olivia Williams,911573,293506292
1998,169,8.1,58.0,Tim Roth,Pruitt Taylor Vince,Mélanie Thierry,Bill Nunn,59020,259127
1998,103,8.1,90.0,Jim Carrey,Ed Harris,Laura Linney,Noah Emmerich,939631,125618201
1998,127,8.1,73.0,Bajram Severdzan,Srdjan 'Zika' Todorovic,Branka Katic,Florijan Ajdini,50862,348660
1998,117,8.1,71.0,Ethan Coen,Jeff Bridges,John Goodman,Julianne Moore,732620,17498804
2000,98,8.1,85.0,Tony Chiu-Wai Leung,Maggie Cheung,Ping Lam Siu,Tung Cho 'Joe' Cheung,124383,2734044
1996,93,8.1,83.0,Ewan McGregor,Ewen Bremner,Jonny Lee Miller,Kevin McKidd,634716,16501785
1996,98,8.1,85.0,Ethan Coen,William H. Macy,Frances McDormand,Steve Buscemi,617444,24611975
1995,101,8.1,77.0,Ethan Hawke,Julie Delpy,Andrea Eckert,Hanno Pöschl,272291,5535405
1994,99,8.1,100.0,Irène Jacob,Jean-Louis Trintignant,Frédérique Feder,Jean-Pierre Lorit,90729,4043686
1994,102,8.1,77.0,Brigitte Lin,Takeshi Kaneshiro,Tony Chiu-Wai Leung,Faye Wong,63122,600200
1993,127,8.1,68.0,Sam Neill,Laura Dern,Jeff Goldblum,Richard Attenborough,867615,402453882
1993,133,8.1,84.0,Daniel Day-Lewis,Pete Postlethwaite,Alison Crosbie,Philip King,156842,25010410
1989,128,8.1,79.0,Robin Williams,Robert Sean Leonard,Ethan Hawke,Josh Charles,425457,95860116
1986,89,8.1,75.0,Wil Wheaton,River Phoenix,Corey Feldman,Jerry O'Connell,363401,52287414
1986,120,8.1,92.0,Charlie Sheen,Tom Berenger,Willem Dafoe,Keith David,381222,138530565
1984,145,8.1,78.0,Harry Dean Stanton,Nastassja Kinski,Dean Stockwell,Aurore Clément,91188,2181987
1984,117,8.1,86.0,Sumi Shimamoto,Mahito Tsujimura,Hisako Kyôda,Gorô Naya,150924,495770
1982,109,8.1,57.0,Kurt Russell,Wilford Brimley,Keith David,Richard Masur,371271,13782838
1982,95,8.1,47.0,Bob Geldof,Christine Hargreaves,James Laurenson,Eleanor David,76081,22244207
1982,188,8.1,100.0,Bertil Guve,Pernilla Allwin,Kristina Adolphson,Börje Ahlstedt,57784,4971340
1982,117,8.1,84.0,Harrison Ford,Rutger Hauer,Sean Young,Edward James Olmos,693827,32868943
1980,124,8.1,78.0,Anthony Hopkins,John Hurt,Anne Bancroft,John Gielgud,220078,
1979,94,8.1,77.0,Graham Chapman,John Cleese,Michael Palin,Terry Gilliam,367250,20045115
1978,183,8.1,86.0,Robert De Niro,Christopher Walken,John Cazale,John Savage,311361,48979328
1976,120,8.1,70.0,Sylvester Stallone,Talia Shire,Burt Young,Carl Weathers,518546,117235247
1976,121,8.1,83.0,Faye Dunaway,William Holden,Peter Finch,Robert Duvall,144911,
1975,185,8.1,89.0,Ryan O'Neal,Marisa Berenson,Patrick Magee,Hardy Krüger,149843,
1974,130,8.1,92.0,Jack Nicholson,Faye Dunaway,John Huston,Perry Lopez,294230,29000000
1973,102,8.1,77.0,Ryan O'Neal,Tatum O'Neal,Madeline Kahn,John Hillerman,42285,30933743
1972,167,8.1,90.0,Natalya Bondarchuk,Donatas Banionis,Jüri Järvet,Vladislav Dvorzhetskiy,81021,
1967,127,8.1,92.0,Paul Newman,George Kennedy,Strother Martin,J.D. Cannon,161984,16217773
1966,85,8.1,86.0,Bibi Andersson,Liv Ullmann,Margaretha Krook,Gunnar Björnstrand,103191,
1966,121,8.1,96.0,Brahim Hadjadj,Jean Martin,Yacef Saadi,Samia Kerbash,53089,55908
1962,134,8.1,75.0,Bette Davis,Joan Crawford,Victor Buono,Wesley Addy,50058,4050000
1962,123,8.1,94.0,James Stewart,John Wayne,Vera Miles,Lee Marvin,68827,
1960,128,8.1,75.0,Spencer Tracy,Fredric March,Gene Kelly,Dick York,27254,
1959,212,8.1,90.0,Charlton Heston,Jack Hawkins,Stephen Boyd,Haya Harareet,219466,74700000
1957,161,8.1,87.0,William Holden,Alec Guinness,Jack Hawkins,Sessue Hayakawa,203463,44908000
1954,108,8.1,91.0,Marlon Brando,Karl Malden,Lee J. Cobb,Rod Steiger,142107,9600000
1953,131,8.1,85.0,Yves Montand,Charles Vanel,Peter van Eyck,Folco Lulli,54588,
1951,111,8.1,72.0,Kirk Douglas,Jan Sterling,Robert Arthur,Porter Hall,31568,3969893
1949,104,8.1,97.0,Orson Welles,Joseph Cotten,Alida Valli,Trevor Howard,158731,449191
1940,99,8.1,96.0,Margaret Sullavan,James Stewart,Frank Morgan,Joseph Schildkraut,28450,203300
1940,130,8.1,86.0,Laurence Olivier,Joan Fontaine,George Sanders,Judith Anderson,123942,4360000
1939,129,8.1,73.0,James Stewart,Jean Arthur,Claude Rains,Edward Arnold,107017,9600000
1939,238,8.1,97.0,George Cukor,Sam Wood,Clark Gable,Vivien Leigh,290074,198676459
1934,105,8.1,87.0,Clark Gable,Claudette Colbert,Walter Connolly,Roscoe Karns,94016,4360000
1928,72,8.1,90.0,Charles Chaplin,Merna Kennedy,Al Ernest Garcia,Harry Crocker,30205,
2019,113,8.0,69.0,Willem Dafoe,Julianne Nicholson,Christopher Heyerdahl,Richard Dormer,37556,
2016,128,8.0,94.0,Ryan Gosling,Emma Stone,Rosemarie DeWitt,J.K. Simmons,505918,151101803
2016,118,8.0,69.0,Dev Patel,Nicole Kidman,Rooney Mara,Sunny Pawar,213970,51739495
2015,144,8.0,80.0,Matt Damon,Jessica Chastain,Kristen Wiig,Kate Mara,760094,228433663
2016,108,8.0,78.0,Rich Moore,Jared Bush,Ginnifer Goodwin,Jason Bateman,434143,341268248
2013,137,8.0,89.0,Chloë Grace Moretz,James Caan,Mary Steenburgen,James Marsden,38746,1506975
2017,113,8.0,66.0,Jacob Tremblay,Owen Wilson,Izabela Vidovic,Julia Roberts,141923,132422809
2019,154,8.0,65.0,Vijay Varma,Nakul Roshan Sahdev,Ranveer Singh,Vijay Raaz,31886,5566534
2013,96,8.0,82.0,Brie Larson,Frantz Turner,John Gallagher Jr.,Kaitlyn Dever,81770,1010414
2014,150,8.0,71.0,Iko Uwais,Yayan Ruhian,Arifin Putra,Oka Antara,114316,2625803
2014,114,8.0,73.0,Benedict Cumberbatch,Keira Knightley,Matthew Goode,Allen Leech,685201,91125683
2014,121,8.0,76.0,Chris Pratt,Vin Diesel,Bradley Cooper,Zoe Saldana,1043455,333176600
2017,164,8.0,81.0,Harrison Ford,Ryan Gosling,Ana de Armas,Dave Bautista,461823,92054159
2013,126,8.0,90.0,Joaquin Phoenix,Amy Adams,Scarlett Johansson,Rooney Mara,540772,25568251
2018,134,8.0,49.0,Rami Malek,Lucy Boynton,Gwilym Lee,Ben Hardy,450349,216428042
2015,156,8.0,76.0,Leonardo DiCaprio,Tom Hardy,Will Poulter,Domhnall Gleeson,705589,183637894
2012,103,8.0,67.0,Logan Lerman,Emma Watson,Ezra Miller,Paul Rudd,462252,17738570
2010,115,8.0,71.0,Wagner Moura,Irandhir Santos,André Ramiro,Milhem Cortaz,79200,100119
2010,118,8.0,88.0,Colin Firth,Geoffrey Rush,Helena Bonham Carter,Derek Jacobi,639603,138797449
2011,146,8.0,62.0,Emma Stone,Viola Davis,Octavia Spencer,Bryce Dallas Howard,428521,169708112
2016,108,8.0,65.0,Ryan Reynolds,Morena Baccarin,T.J. Miller,Ed Skrein,902669,363070709
2009,119,8.0,87.0,Golshifteh Farahani,Shahab Hosseini,Taraneh Alidoosti,Merila Zare'i,45803,106662
2008,106,8.0,59.0,Donnie Yen,Simon Yam,Siu-Wong Fan,Ka Tung Lam,211427,
2010,165,8.0,50.0,Shah Rukh Khan,Kajol,Sheetal Menon,Katie A. Keane,98575,4018695
2008,120,8.0,84.0,Loveleen Tandan,Dev Patel,Freida Pinto,Saurabh Shukla,798882,141319928
2010,108,8.0,79.0,Natalie Portman,Mila Kunis,Vincent Cassel,Winona Ryder,699673,106954678
2007,115,8.0,33.0,Wagner Moura,André Ramiro,Caio Junqueira,Milhem Cortaz,98097,8060
2012,143,8.0,69.0,Robert Downey Jr.,Chris Evans,Scarlett Johansson,Jeremy Renner,1260806,623279547
2007,96,8.0,90.0,Marjane Satrapi,Chiara Mastroianni,Catherine Deneuve,Gena Rowlands,88656,4445756
2013,117,8.0,80.0,Matthew McConaughey,Jennifer Garner,Jared Leto,Steve Zahn,441614,27298285
2006,117,8.0,64.0,Will Smith,Thandie Newton,Jaden Smith,Brian Howe,448930,163566459
2006,143,8.0,64.0,Leonardo DiCaprio,Djimon Hounsou,Jennifer Connelly,Kagiso Kuypers,499439,57366262
2007,115,8.0,85.0,Matt Damon,Edgar Ramírez,Joan Allen,Julia Stiles,604694,227471070
2004,88,8.0,72.0,Seung-Yun Lee,Hee Jae,Hyuk-ho Kwon,Jin-mo Joo,50610,238507
2005,124,8.0,74.0,Quentin Tarantino,Robert Rodriguez,Mickey Rourke,Clive Owen,738512,74103820
2007,112,8.0,92.0,Laura Obiols,Mathieu Amalric,Emmanuelle Seigner,Marie-Josée Croze,103284,5990075
2007,111,8.0,96.0,Jan Pinkava,Brad Garrett,Lou Romano,Patton Oswalt,641645,206445654
2006,144,8.0,80.0,Daniel Craig,Eva Green,Judi Dench,Jeffrey Wright,582239,167445960
2004,137,8.0,83.0,Uma Thurman,David Carradine,Michael Madsen,Daryl Hannah,683900,66208183
2003,110,8.0,82.0,Vladimir Garin,Ivan Dobronravov,Konstantin Lavronenko,Nataliya Vdovina,42399,502028
2003,103,8.0,85.0,Ki-duk Kim,Yeong-su Oh,Jong-ho Kim,Kim Young-Min,77520,2380788
2014,126,8.0,74.0,Javier Bardem,Belén Rueda,Lola Dueñas,Mabel Rivera,77554,2086345
2005,144,8.0,69.0,Russell Crowe,Renée Zellweger,Craig Bierko,Paul Giamatti,176151,61649911
2003,186,8.0,54.0,Preity Zinta,Shah Rukh Khan,Saif Ali Khan,Jaya Bachchan,63460,1787378
2002,101,8.0,75.0,Alan Mak,Andy Lau,Tony Chiu-Wai Leung,Anthony Chau-Sang Wong,117857,169659
2003,143,8.0,63.0,Johnny Depp,Geoffrey Rush,Orlando Bloom,Keira Knightley,1015122,305413918
2003,125,8.0,58.0,Ewan McGregor,Albert Finney,Billy Crudup,Jessica Lange,415218,66257002
2004,115,8.0,90.0,Craig T. Nelson,Samuel L. Jackson,Holly Hunter,Jason Lee,657047,261441092
2003,178,8.0,60.0,Nicole Kidman,Paul Bettany,Lauren Bacall,Harriet Andersson,137963,1530386
2001,113,8.0,88.0,Jake Gyllenhaal,Jena Malone,Mary McDonnell,Holmes Osborne,740086,1480006
1999,188,8.0,77.0,Tom Cruise,Jason Robards,Julianne Moore,Philip Seymour Hoffman,289742,22455976
2000,140,8.0,61.0,Björk,Catherine Deneuve,David Morse,Peter Stormare,102285,4184036
1999,112,8.0,86.0,Richard Farnsworth,Sissy Spacek,Jane Galloway Heitz,Joseph A. Carpenter,82002,6203044
1998,105,8.0,82.0,Ulrich Thomsen,Henning Moritzen,Thomas Bo Larsen,Paprika Steen,78341,1647780
1998,110,8.0,80.0,Fernanda Montenegro,Vinícius de Oliveira,Marília Pêra,Soia Lira,36419,5595428
1999,86,8.0,85.0,Eli Marienthal,Harry Connick Jr.,Jennifer Aniston,Vin Diesel,172083,23159305
1996,135,8.0,84.0,Billy Bob Thornton,Dwight Yoakam,J.T. Walsh,John Ritter,86838,24475416
1996,136,8.0,91.0,Timothy Spall,Brenda Blethyn,Phyllis Logan,Claire Rushbrook,37564,13417292
1995,129,8.0,74.0,Bruce Willis,Madeleine Stowe,Brad Pitt,Joseph Melito,578443,57141459
1995,83,8.0,76.0,Atsuko Tanaka,Iemasa Kayumi,Akio Ôtsuka,Kôichi Yamadera,129231,515905
1993,76,8.0,82.0,Danny Elfman,Chris Sarandon,Catherine O'Hara,William Hickey,300208,75082668
1993,101,8.0,72.0,Bill Murray,Andie MacDowell,Chris Elliott,Stephen Tobolowsky,577991,70906973
1993,180,8.0,47.0,Damian Chapa,Jesse Borrego,Benjamin Bratt,Enrique Castillo,28825,4496583
1992,156,8.0,59.0,Al Pacino,Chris O'Donnell,James Rebhorn,Gabrielle Anwar,263918,63895607
1992,90,8.0,86.0,John Musker,Scott Weinger,Robin Williams,Linda Larkin,373845,217350219
1991,189,8.0,72.0,Kevin Costner,Gary Oldman,Jack Lemmon,Walter Matthau,142110,70405498
1991,84,8.0,95.0,Kirk Wise,Paige O'Hara,Robby Benson,Jesse Corti,417178,218967620
1990,181,8.0,72.0,Kevin Costner,Mary McDonnell,Graham Greene,Rodney A. Grant,240266,184208848
1989,120,8.0,93.0,Danny Aiello,Ossie Davis,Ruby Dee,Richard Edson,89429,27545445
1988,133,8.0,65.0,Dustin Hoffman,Tom Cruise,Valeria Golino,Gerald R. Molen,473064,178800000
1987,98,8.0,77.0,Cary Elwes,Mandy Patinkin,Robin Wright,Chris Sarandon,393899,30857814
1987,128,8.0,79.0,Bruno Ganz,Solveig Dommartin,Otto Sander,Curt Bois,64722,3333969
1987,104,8.0,88.0,Gaspard Manesse,Raphael Fejtö,Francine Racette,Stanislas Carré de Malberg,31163,4542825
1986,125,8.0,78.0,Mayumi Tanaka,Keiko Yokozawa,Kotoe Hatsui,Minori Terada,150140,
1984,107,8.0,84.0,Arnold Schwarzenegger,Linda Hamilton,Michael Biehn,Paul Winfield,799795,38400000
1982,191,8.0,79.0,Ben Kingsley,John Gielgud,Rohini Hattangadi,Roshan Seth,217664,52767889
1980,180,8.0,84.0,Tatsuya Nakadai,Tsutomu Yamazaki,Ken'ichi Hagiwara,Jinpachi Nezu,32195,
1979,130,8.0,83.0,Peter Sellers,Shirley MacLaine,Melvyn Douglas,Jack Warden,65625,30177511
1977,93,8.0,92.0,Woody Allen,Diane Keaton,Tony Roberts,Carol Kane,251823,39200000
1975,124,8.0,87.0,Roy Scheider,Robert Shaw,Richard Dreyfuss,Lorraine Gary,543388,260000000
1975,125,8.0,86.0,Al Pacino,John Cazale,Penelope Allen,Sully Boyar,235652,50000000
1974,106,8.0,80.0,Gene Wilder,Madeline Kahn,Marty Feldman,Peter Boyle,143359,86300000
1973,151,8.0,58.0,Steve McQueen,Dustin Hoffman,Victor Jory,Don Gordon,121627,53267000
1973,122,8.0,81.0,Ellen Burstyn,Max von Sydow,Linda Blair,Lee J. Cobb,362393,232906145
1971,118,8.0,93.0,Timothy Bottoms,Jeff Bridges,Cybill Shepherd,Ben Johnson,42456,29133000
1971,181,8.0,67.0,Topol,Norma Crane,Leonard Frey,Molly Picon,39491,80500000
1970,113,8.0,100.0,Jean-Louis Trintignant,Stefania Sandrelli,Gastone Moschin,Enzo Tarascio,27067,541940
1969,110,8.0,66.0,Paul Newman,Robert Redford,Katharine Ross,Strother Martin,201888,102308889
1968,137,8.0,96.0,Mia Farrow,John Cassavetes,Ruth Gordon,Sidney Blackmer,193674,
1968,112,8.0,79.0,Charlton Heston,Roddy McDowall,Kim Hunter,Maurice Evans,165167,33395426
1967,106,8.0,83.0,Dustin Hoffman,Anne Bancroft,Katharine Ross,William Daniels,253676,104945305
1966,131,8.0,75.0,Elizabeth Taylor,Richard Burton,George Segal,Sandy Dennis,68926,
1965,172,8.0,63.0,Julie Andrews,Christopher Plummer,Eleanor Parker,Richard Haydn,205425,163214286
1965,197,8.0,69.0,Omar Sharif,Julie Christie,Geraldine Chaplin,Rod Steiger,69903,111722000
1964,99,8.0,65.0,Clint Eastwood,Gian Maria Volontè,Marianne Koch,Wolfgang Lukschy,198219,14500000
1963,138,8.0,91.0,Marcello Mastroianni,Anouk Aimée,Claudia Cardinale,Sandra Milo,108844,50690
1961,134,8.0,90.0,Paul Newman,Jackie Gleason,Piper Laurie,George C. Scott,75067,8284000
1960,174,8.0,95.0,Marcello Mastroianni,Anita Ekberg,Anouk Aimée,Yvonne Furneaux,66621,19516000
1959,141,8.0,93.0,John Wayne,Dean Martin,Ricky Nelson,Angie Dickinson,56305,12535000
1959,161,8.0,95.0,James Stewart,Lee Remick,Ben Gazzara,Arthur O'Connell,59847,11900000
1958,95,8.0,99.0,Charlton Heston,Orson Welles,Janet Leigh,Joseph Calleia,98431,2237659
1958,108,8.0,84.0,Elizabeth Taylor,Paul Newman,Burl Ives,Jack Carson,45062,17570324
1957,96,8.0,100.0,Burt Lancaster,Tony Curtis,Susan Harrison,Martin Milner,28137,
1956,84,8.0,91.0,Sterling Hayden,Coleen Gray,Vince Edwards,Jay C. Flippen,81702,
1955,92,8.0,99.0,Robert Mitchum,Shelley Winters,Lillian Gish,James Gleason,81980,654000
1953,120,8.0,84.0,William Holden,Don Taylor,Otto Preminger,Robert Strauss,51046,
1953,118,8.0,78.0,Gregory Peck,Audrey Hepburn,Eddie Albert,Hartley Power,127256,
1951,122,8.0,97.0,Vivien Leigh,Marlon Brando,Kim Hunter,Karl Malden,99182,8000000
1948,80,8.0,73.0,James Stewart,John Dall,Farley Granger,Dick Hogan,129783,
1945,86,8.0,92.0,Celia Johnson,Trevor Howard,Stanley Holloway,Joyce Carey,35601,
1946,170,8.0,93.0,Myrna Loy,Dana Andrews,Fredric March,Teresa Wright,57259,23650000
1941,100,8.0,96.0,Humphrey Bogart,Mary Astor,Gladys George,Peter Lorre,148928,2108060
1940,129,8.0,96.0,Henry Fonda,Jane Darwell,John Carradine,Charley Grapewin,85559,55000
1939,102,8.0,92.0,George Cukor,Mervyn LeRoy,Norman Taurog,Richard Thorpe,371379,2076020
1934,91,8.0,86.0,William Powell,Myrna Loy,Maureen O'Sullivan,Nat Pendleton,26642,
1930,152,8.0,91.0,Lew Ayres,Louis Wolheim,John Wray,Arnold Lucy,57318,3270000
1925,75,8.0,97.0,Aleksandr Antonov,Vladimir Barskiy,Grigoriy Aleksandrov,Ivan Bobrov,53054,50970
2019,130,7.9,82.0,Daniel Craig,Chris Evans,Ana de Armas,Jamie Lee Curtis,454203,165359751
2018,121,7.9,93.0,Lily Franky,Sakura Andô,Kirin Kiki,Mayu Matsuoka,62754,3313513
2019,137,7.9,94.0,Adam Driver,Scarlett Johansson,Julia Greer,Azhy Robertson,246644,2000000
2017,132,7.9,93.0,Armie Hammer,Timothée Chalamet,Michael Stuhlbarg,Amira Casar,212651,18095701
2016,100,7.9,78.0,Laura Obiols,Dave Johns,Hayley Squires,Sharon Percy,53818,258168
2018,101,7.9,82.0,Bryan Cranston,Koyu Rankin,Edward Norton,Bob Balaban,139114,32015231
2016,101,7.9,81.0,Sam Neill,Julian Dennison,Rima Te Wiata,Rachel House,111483,5202582
2016,118,7.9,72.0,Viggo Mortensen,George MacKay,Samantha Isler,Annalise Basso,189400,5875006
2016,106,7.9,79.0,Ferdia Walsh-Peelo,Aidan Gillen,Maria Doyle Kennedy,Jack Reynor,85109,3237118
2017,130,7.9,74.0,Chris Hemsworth,Tom Hiddleston,Cate Blanchett,Mark Ruffalo,587775,315058289
2014,117,7.9,76.0,Jake Gyllenhaal,Rene Russo,Bill Paxton,Riz Ahmed,466134,32381218
2019,108,7.9,58.0,Roman Griffin Davis,Thomasin McKenzie,Scarlett Johansson,Taika Waititi,297918,349555
2016,116,7.9,81.0,Amy Adams,Jeremy Renner,Forest Whitaker,Michael Stuhlbarg,594181,100546139
2015,138,7.9,80.0,Daisy Ridley,John Boyega,Oscar Isaac,Domhnall Gleeson,860823,936662225
2013,109,7.9,94.0,Ethan Hawke,Julie Delpy,Seamus Davey-Fitzpatrick,Ariane Labed,141457,8114627
2014,132,7.9,75.0,Patrick Stewart,Ian McKellen,Hugh Jackman,James McAvoy,659763,233921534
2011,157,7.9,82.0,Muhammet Uzuner,Yilmaz Erdogan,Taner Birsel,Ahmet Mümtaz Taylan,41995,138730
2011,100,7.9,89.0,Jean Dujardin,Bérénice Bejo,John Goodman,James Cromwell,230624,44671682
2014,113,7.9,71.0,Tom Cruise,Emily Blunt,Bill Paxton,Brendan Gleeson,600004,100206256
2012,127,7.9,94.0,Jean-Louis Trintignant,Emmanuelle Riva,Isabelle Huppert,Alexandre Tharaud,93090,6739492
2019,209,7.9,94.0,Robert De Niro,Al Pacino,Joe Pesci,Harvey Keitel,324720,7000000
2009,155,7.9,90.0,Tahar Rahim,Niels Arestrup,Adel Bencherif,Reda Kateb,93560,2084637
2009,97,7.9,67.0,Sam Rockwell,Kevin Spacey,Dominique McElligott,Rosie Shaw,335152,5009677
2008,114,7.9,82.0,Kåre Hedebrant,Lina Leandersson,Per Ragnar,Henrik Dahl,205609,2122065
2009,112,7.9,81.0,Sharlto Copley,David James,Jason Cope,Nathalie Boltt,638202,115646235
2008,109,7.9,80.0,Mickey Rourke,Marisa Tomei,Evan Rachel Wood,Mark Margolis,289415,26236603
2014,165,7.9,100.0,Ellar Coltrane,Patricia Arquette,Ethan Hawke,Elijah Smith,335533,25379975
2007,113,7.9,97.0,Anamaria Marinca,Laura Vasiliu,Vlad Ivanov,Alexandru Potocean,56625,1185783
2009,127,7.9,82.0,Chris Pine,Zachary Quinto,Simon Pegg,Leonard Nimoy,577336,257730019
2008,107,7.9,67.0,Colin Farrell,Brendan Gleeson,Ciarán Hinds,Elizabeth Berrington,390334,7757130
2006,141,7.9,89.0,Ken Watanabe,Kazunari Ninomiya,Tsuyoshi Ihara,Ryô Kase,154011,13756082
2006,117,7.9,64.0,Lee Pace,Catinca Untaru,Justine Waddell,Kim Uylenbroek,107290,2280348
2012,127,7.9,79.0,Suraj Sharma,Irrfan Khan,Adil Hussain,Tabu,580708,124987023
2009,87,7.9,83.0,George Clooney,Meryl Streep,Bill Murray,Jason Schwartzman,199696,21002919
2005,129,7.9,81.0,Michel Côté,Marc-André Grondin,Danielle Proulx,Émile Vallée,31476,
2004,97,7.9,56.0,Gérard Jugnot,François Berléand,Jean-Baptiste Maunier,Kad Merad,57430,3635164
2008,126,7.9,79.0,Robert Downey Jr.,Gwyneth Paltrow,Terrence Howard,Jeff Bridges,939644,318412101
2004,99,7.9,76.0,Simon Pegg,Nick Frost,Kate Ashfield,Lucy Davis,512249,13542874
2004,121,7.9,78.0,Birol Ünel,Sibel Kekilli,Güven Kiraç,Zarah Jane McKenzie,51325,
2003,138,7.9,84.0,Sean Penn,Tim Robbins,Kevin Bacon,Emmy Rossum,419420,90135191
2004,142,7.9,82.0,Daniel Radcliffe,Emma Watson,Rupert Grint,Richard Griffiths,552493,249358727
2002,120,7.9,85.0,Jet Li,Tony Chiu-Wai Leung,Maggie Cheung,Ziyi Zhang,173999,53710019
2002,112,7.9,86.0,Rosario Flores,Javier Cámara,Darío Grandinetti,Leonor Watling,104691,9284265
2001,98,7.9,84.0,Branko Djuric,Rene Bitorajac,Filip Sovagovic,Georges Siatidis,44618,1059830
2001,115,7.9,61.0,Tensai Okamura,Hiroyuki Okiura,Yoshiyuki Takei,Beau Billingslea,42897,1000045
2002,119,7.9,68.0,Franka Potente,Matt Damon,Chris Cooper,Clive Owen,508771,121661683
2000,114,7.9,80.0,Ricardo Darín,Gastón Pauls,Graciela Tenenbaum,María Mercedes Villagra,49721,1221261
2006,109,7.9,84.0,Julianne Moore,Clive Owen,Chiwetel Ejiofor,Michael Caine,465113,35552383
2000,122,7.9,90.0,Billy Crudup,Patrick Fugit,Kate Hudson,Frances McDormand,252586,32534850
2001,147,7.9,85.0,Naomi Watts,Laura Harring,Justin Theroux,Jeanne Bates,322031,7220243
1999,92,7.9,88.0,Ash Brannon,Lee Unkrich,Tom Hanks,Tim Allen,527512,245852179
1997,155,7.9,85.0,Mark Wahlberg,Julianne Moore,Burt Reynolds,Luis Guzmán,239473,26400640
1995,111,7.9,75.0,Yoko Honna,Issey Takahashi,Takashi Tachibana,Shigeru Muroi,51943,
1994,102,7.9,77.0,Rena Owen,Temuera Morrison,Mamaengaroa Kerr-Bell,Julian Arahanga,31590,2201126
1993,119,7.9,59.0,Christian Slater,Patricia Arquette,Dennis Hopper,Val Kilmer,206918,12281500
1993,94,7.9,85.0,Juliette Binoche,Zbigniew Zamachowski,Julie Delpy,Benoît Régent,89836,1324974
1993,144,7.9,65.0,Al Pacino,Sean Penn,Penelope Ann Miller,John Leguizamo,201000,36948322
1990,105,7.9,74.0,Johnny Depp,Winona Ryder,Dianne Wiest,Anthony Michael Hall,447368,56362352
1989,103,7.9,97.0,Daniel Day-Lewis,Brenda Fricker,Alison Whelan,Kirsten Sheridan,68076,14743391
1989,104,7.9,77.0,Martin Landau,Woody Allen,Bill Bernstein,Claire Bloom,54670,18254702
1987,119,7.9,79.0,Kevin Costner,Sean Connery,Robert De Niro,Charles Martin Smith,281842,76270454
1986,107,7.9,90.0,Mia Farrow,Dianne Wiest,Michael Caine,Barbara Hershey,67176,40084041
1985,132,7.9,84.0,Jonathan Pryce,Kim Greist,Robert De Niro,Katherine Helmond,187567,9929135
1984,82,7.9,92.0,Rob Reiner,Michael McKean,Christopher Guest,Kimberly Stringer,128812,188751
1983,93,7.9,77.0,Peter Billingsley,Melinda Dillon,Darren McGavin,Scott Schwartz,132947,20605209
1980,133,7.9,60.0,John Belushi,Dan Aykroyd,Cab Calloway,John Candy,183182,57229890
1979,96,7.9,83.0,Woody Allen,Diane Keaton,Mariel Hemingway,Michael Murphy,131436,45700000
1979,123,7.9,72.0,Roy Scheider,Jessica Lange,Ann Reinking,Leland Palmer,28223,37823676
1978,127,7.9,71.0,David Emge,Ken Foree,Scott H. Reiniger,Gaylen Ross,111512,5100000
1976,138,7.9,84.0,Dustin Hoffman,Robert Redford,Jack Warden,Martin Balsam,103031,70600000
1973,114,7.9,76.0,Alejandro Jodorowsky,Horacio Salinas,Zamira Saunders,Juan Ferrara,37183,61001
1972,102,7.9,93.0,Fernando Rey,Delphine Seyrig,Paul Frankeur,Bulle Ogier,38737,198809
1971,91,7.9,62.0,Ruth Gordon,Bud Cort,Vivian Pickles,Cyril Cusack,70826,
1970,172,7.9,91.0,George C. Scott,Karl Malden,Stephen Young,Michael Strong,93741,61700000
1969,145,7.9,97.0,William Holden,Ernest Borgnine,Robert Ryan,Edmond O'Brien,77401,12064472
1968,96,7.9,89.0,Duane Jones,Judith O'Dea,Karl Hardman,Marilyn Eastman,116557,89029
1967,110,7.9,75.0,Sidney Poitier,Rod Steiger,Warren Oates,Lee Grant,67804,24379978
1963,113,7.9,83.0,Cary Grant,Audrey Hepburn,Walter Matthau,James Coburn,68689,13474588
1962,126,7.9,94.0,Frank Sinatra,Laurence Harvey,Janet Leigh,Angela Lansbury,71122,
1960,197,7.9,87.0,Kirk Douglas,Laurence Olivier,Jean Simmons,Charles Laughton,124339,30000000
1956,119,7.9,94.0,John Wayne,Jeffrey Hunter,Vera Miles,Ward Bond,80316,
1955,118,7.9,72.0,James Dean,Raymond Massey,Julie Harris,Burl Ives,40313,
1952,85,7.9,89.0,Gary Cooper,Grace Kelly,Thomas Mitchell,Lloyd Bridges,97222,9450000
1951,101,7.9,88.0,Farley Granger,Robert Walker,Ruth Roman,Leo G. Carroll,123341,7630000
1947,96,7.9,88.0,Edmund Gwenn,Maureen O'Hara,John Payne,Gene Lockhart,41625,2650000
1946,102,7.9,100.0,Cary Grant,Ingrid Bergman,Claude Rains,Louis Calhern,92306,10464000
1940,112,7.9,96.0,Cary Grant,Katharine Hepburn,James Stewart,Ruth Hussey,63550,
1938,102,7.9,97.0,William Keighley,Errol Flynn,Olivia de Havilland,Basil Rathbone,47175,3981000
1933,100,7.9,90.0,Ernest B. Schoedsack,Fay Wray,Robert Armstrong,Bruce Cabot,78991,10000000
1932,64,7.9,80.0,Wallace Ford,Leila Hyams,Olga Baclanova,Roscoe Ates,42117,
2019,113,7.8,51.0,Matthew McConaughey,Charlie Hunnam,Michelle Dockery,Jeremy Strong,237392,
2019,120,7.8,81.0,Riz Ahmed,Olivia Cooke,Paul Raci,Lauren Ridloff,27187,
2016,124,7.8,85.0,Shahab Hosseini,Taraneh Alidoosti,Babak Karimi,Mina Sadati,51240,2402067
2017,106,7.8,94.0,Fionn Whitehead,Barry Keoghan,Mark Rylance,Tom Hardy,555092,188373161
2016,127,7.8,74.0,Taraji P. Henson,Octavia Spencer,Janelle Monáe,Kevin Costner,200876,169607287
2017,103,7.8,88.0,Ben Whishaw,Hugh Grant,Hugh Bonneville,Sally Hawkins,61594,40442052
2016,101,7.8,84.0,Charlize Theron,Art Parkinson,Matthew McConaughey,Ralph Fiennes,118035,48023088
2016,137,7.8,96.0,Casey Affleck,Michelle Williams,Kyle Chandler,Lucas Hedges,246963,47695120
2015,100,7.8,75.0,Roland Møller,Louis Hofmann,Joel Basman,Mikkel Boe Følsgaard,35539,435266
2016,133,7.8,65.0,Felicity Jones,Diego Luna,Alan Tudyk,Donnie Yen,556608,532177324
2016,147,7.8,75.0,Joe Russo,Chris Evans,Robert Downey Jr.,Scarlett Johansson,663649,408084349
2015,168,7.8,68.0,Samuel L. Jackson,Kurt Russell,Jennifer Jason Leigh,Walton Goggins,517059,54117416
2019,135,7.8,91.0,Saoirse Ronan,Emma Watson,Florence Pugh,Eliza Scanlen,143250,108101214
2017,94,7.8,62.0,Hugh Welchman,Douglas Booth,Jerome Flynn,Robert Gulaczyk,50778,6735118
2014,119,7.8,79.0,Bill Nighy,Imelda Staunton,Dominic West,Paddy Considine,51841,
2013,130,7.8,85.0,Bérénice Bejo,Tahar Rahim,Ali Mosaffa,Pauline Burlet,45002,1330596
2013,141,7.8,86.0,Toni Servillo,Carlo Verdone,Sabrina Ferilli,Carlo Buccirosso,81125,2852400
2013,104,7.8,76.0,Irrfan Khan,Nimrat Kaur,Nawazuddin Siddiqui,Lillete Dubey,50523,4231500
2014,102,7.8,74.0,Chris Williams,Ryan Potter,Scott Adsit,Jamie Chung,410983,222527828
2013,123,7.8,55.0,Domhnall Gleeson,Rachel McAdams,Bill Nighy,Lydia Wilson,303032,15322921
2013,126,7.8,83.0,Hideaki Anno,Hidetoshi Nishijima,Miori Takimoto,Masahiko Nishimura,73690,5209580
2019,100,7.8,84.0,Tom Hanks,Tim Allen,Annie Potts,Tony Hale,203177,434038008
2013,131,7.8,49.0,Geoffrey Rush,Jim Sturgess,Sylvia Hoeks,Donald Sutherland,108399,85433
2012,94,7.8,84.0,Jared Gilman,Kara Hayward,Bruce Willis,Bill Murray,318789,45512466
2014,102,7.8,76.0,Jay Baruchel,Cate Blanchett,Gerard Butler,Craig Ferguson,305611,177002924
2015,130,7.8,81.0,Christian Bale,Steve Carell,Ryan Gosling,Brad Pitt,362942,70259870
2010,144,7.8,67.0,Lee Byung-Hun,Choi Min-sik,Jeon Gook-Hwan,Ho-jin Chun,111252,128392
2011,158,7.8,71.0,Daniel Craig,Rooney Mara,Christopher Plummer,Stellan Skarsgård,423010,102515793
2013,134,7.8,82.0,Tom Hanks,Barkhad Abdi,Barkhad Abdirahman,Catherine Keener,421244,107100855
2015,147,7.8,72.0,O'Shea Jackson Jr.,Corey Hawkins,Jason Mitchell,Neil Brown Jr.,179264,161197785
2009,129,7.8,79.0,Hye-ja Kim,Won Bin,Jin Goo,Je-mun Yun,52758,547292
2008,125,7.8,64.0,Kim Yoon-seok,Jung-woo Ha,Yeong-hie Seo,Yoo-Jeong Kim,58468,
2013,161,7.8,66.0,Ian McKellen,Martin Freeman,Richard Armitage,Ken Stott,601408,258366855
2009,144,7.8,82.0,Christian Friedel,Ernst Jacobi,Leonie Benesch,Ulrich Tukur,68715,2222647
2009,152,7.8,76.0,Michael Nyqvist,Noomi Rapace,Ewa Fröling,Lena Endre,208994,10095170
2020,129,7.8,77.0,Eddie Redmayne,Alex Sharp,Sacha Baron Cohen,Jeremy Strong,89896,
2020,117,7.8,81.0,Mads Mikkelsen,Thomas Bo Larsen,Magnus Millang,Lars Ranthe,33931,
2010,116,7.8,79.0,Mark Wahlberg,Christian Bale,Amy Adams,Melissa Leo,340584,93617009
2008,90,7.8,51.0,Liam Neeson,Maggie Grace,Famke Janssen,Leland Orser,564791,145000989
2008,94,7.8,55.0,Asa Butterfield,David Thewlis,Rupert Friend,Zac Mattoon O'Brien,190748,9030581
2007,86,7.8,88.0,Glen Hansard,Markéta Irglová,Hugh Walsh,Gerard Hendrick,110656,9439923
2012,169,7.8,58.0,Martin Freeman,Ian McKellen,Richard Armitage,Andy Serkis,757377,303003568
2007,122,7.8,85.0,Baki Davrak,Nurgül Yesilçay,Tuncel Kurtiz,Nursel Köse,30827,741283
2007,123,7.8,85.0,Keira Knightley,James McAvoy,Brenda Blethyn,Saoirse Ronan,251370,50927067
2011,100,7.8,78.0,Ryan Gosling,Carey Mulligan,Bryan Cranston,Albert Brooks,571571,35061555
2007,157,7.8,76.0,Denzel Washington,Russell Crowe,Chiwetel Ejiofor,Josh Brolin,392449,130164645
2009,162,7.8,83.0,Sam Worthington,Zoe Saldana,Sigourney Weaver,Michelle Rodriguez,1118998,760507625
2009,141,7.8,63.0,Jared Leto,Sarah Polley,Diane Kruger,Linh Dan Pham,216421,3600
2006,139,7.8,68.0,Gerardo Taracena,Raoul Max Trujillo,Dalia Hernández,Rudy Youngblood,291018,50866635
2006,101,7.8,80.0,Valerie Faris,Steve Carell,Toni Collette,Greg Kinnear,439856,59891098
2007,121,7.8,81.0,Simon Pegg,Nick Frost,Martin Freeman,Bill Nighy,463466,23637265
2008,166,7.8,70.0,Brad Pitt,Cate Blanchett,Tilda Swinton,Julia Ormond,589160,127509326
2004,192,7.8,67.0,Shah Rukh Khan,Preity Zinta,Rani Mukerji,Kirron Kher,49050,2921738
2005,94,7.8,51.0,Ulrich Thomsen,Mads Mikkelsen,Nicolas Bro,Paprika Steen,45717,1305
2005,129,7.8,82.0,Keira Knightley,Matthew Macfadyen,Brenda Blethyn,Donald Sutherland,258924,38405088
2005,127,7.8,68.0,Anthony Hopkins,Diane Ladd,Iain Rea,Tessa Mitchell,51980,5128124
2003,90,7.8,73.0,Shôgo Furuya,Tôru Emori,Yoshiaki Umegaki,Aya Okamoto,31658,128985
2005,119,7.8,74.0,Nathan Fillion,Gina Torres,Chiwetel Ejiofor,Alan Tudyk,283310,25514517
2005,136,7.8,72.0,Joaquin Phoenix,Reese Witherspoon,Ginnifer Goodwin,Robert Patrick,234207,119519402
2003,113,7.8,61.0,Andreas Wilson,Henrik Lundström,Gustaf Skarsgård,Linda Zilliacus,35682,15280
2004,123,7.8,53.0,Gena Rowlands,James Garner,Rachel McAdams,Ryan Gosling,520284,81001787
2004,126,7.8,75.0,Gael García Bernal,Rodrigo De la Serna,Mía Maestro,Mercedes Morán,96703,16756372
2002,109,7.8,82.0,Oksana Akinshina,Artyom Bogucharskiy,Pavel Ponomaryov,Lyubov Agapova,42673,181655
2003,80,7.8,91.0,Michèle Caucheteux,Jean-Claude Donda,Michel Robin,Monica Viegas,50622,7002255
2000,110,7.8,58.0,Lee Yeong-ae,Lee Byung-Hun,Kang-ho Song,Kim Tae-Woo,26518,
2002,131,7.8,61.0,Jim Caviezel,Guy Pearce,Christopher Adamson,JB Blanc,129022,54234062
2001,99,7.8,83.0,Ethan Hawke,Trevor Jack Brooks,Lorelei Linklater,Wiley Wiggins,60684,2892011
2000,113,7.8,48.0,Denzel Washington,Will Patton,Wood Harris,Ryan Hurst,198089,115654751
2000,120,7.8,94.0,Yun-Fat Chow,Michelle Yeoh,Ziyi Zhang,Chen Chang,253228,128078872
1999,101,7.8,87.0,Cecilia Roth,Marisa Paredes,Candela Peña,Antonia San Juan,89058,8264530
2000,143,7.8,73.0,Tom Hanks,Helen Hunt,Paul Sanchez,Lari White,524235,233632142
1999,108,7.8,44.0,Willem Dafoe,Sean Patrick Flanery,Norman Reedus,David Della Rocco,227143,25812
1999,157,7.8,84.0,Russell Crowe,Al Pacino,Christopher Plummer,Diane Venora,159886,28965197
1999,108,7.8,71.0,Jake Gyllenhaal,Chris Cooper,Laura Dern,Chris Owen,82855,32481825
2001,90,7.8,84.0,Vicky Jenson,Mike Myers,Eddie Murphy,Cameron Diaz,613941,267665011
1997,194,7.8,75.0,Leonardo DiCaprio,Kate Winslet,Billy Zane,Kathy Bates,1046089,659325379
1997,106,7.8,64.0,Ethan Hawke,Uma Thurman,Jude Law,Gore Vidal,280845,12339633
1997,129,7.8,61.0,Michael Douglas,Deborah Kara Unger,Sean Penn,James Rebhorn,345096,48323648
1996,159,7.8,76.0,Emily Watson,Stellan Skarsgård,Katrin Cartlidge,Jean-Marc Barr,62428,4040691
1994,127,7.8,70.0,Johnny Depp,Martin Landau,Sarah Jessica Parker,Patricia Arquette,164937,5887457
1993,118,7.8,73.0,Johnny Depp,Leonardo DiCaprio,Juliette Lewis,Mary Steenburgen,215034,9170214
1993,130,7.8,50.0,Kevin Jarre,Kurt Russell,Val Kilmer,Sam Elliott,126871,56505065
1993,101,7.8,55.0,Tom Guiry,Mike Vitar,Art LaFleur,Patrick Renna,78963,32416586
1993,134,7.8,84.0,Anthony Hopkins,Emma Thompson,John Haycraft,Christopher Reeve,66065,22954968
1993,132,7.8,84.0,David Thewlis,Lesley Sharp,Katrin Cartlidge,Greg Cruttwell,34635,1769305
1993,130,7.8,87.0,Harrison Ford,Tommy Lee Jones,Sela Ward,Julianne Moore,267684,183875760
1993,121,7.8,80.0,Robert De Niro,Chazz Palminteri,Lillo Brancato,Francis Capra,128171,17266971
1991,129,7.8,68.0,Winona Ryder,Gena Rowlands,Lisanne Falk,Alan Randolph Scott,55362,2015810
1991,98,7.8,86.0,Irène Jacob,Wladyslaw Kowalski,Halina Gryglaszewska,Kalina Jedrusik,42376,1999955
1991,112,7.8,76.0,Cuba Gooding Jr.,Laurence Fishburne,Hudhail Al-Amir,Lloyd Avery II,126082,57504069
1990,107,7.8,75.0,James Caan,Kathy Bates,Richard Farnsworth,Frances Sternhagen,184740,61276872
1990,121,7.8,74.0,Robert De Niro,Robin Williams,Julie Kavner,Ruth Nelson,125276,52096475
1989,103,7.8,83.0,Kirsten Dunst,Minami Takayama,Rei Sakuma,Kappei Yamaguchi,124193,
1989,122,7.8,78.0,Matthew Broderick,Denzel Washington,Cary Elwes,Morgan Freeman,122779,26830000
1989,111,7.8,82.0,Yun-Fat Chow,Danny Lee,Sally Yeh,Kong Chu,45624,
1989,108,7.8,57.0,Michael J. Fox,Christopher Lloyd,Lea Thompson,Thomas F. Wilson,481918,118500000
1988,128,7.8,65.0,Gene Hackman,Willem Dafoe,Frances McDormand,Brad Dourif,88214,34603943
1987,107,7.8,45.0,Arnold Schwarzenegger,Carl Weathers,Kevin Peter Hall,Elpidia Carrillo,371387,59735548
1987,84,7.8,72.0,Bruce Campbell,Sarah Berry,Dan Hicks,Kassie Wesley DePaiva,148359,5923044
1986,103,7.8,61.0,Matthew Broderick,Alan Ruck,Mia Sara,Jeffrey Jones,321382,70136369
1986,107,7.8,75.0,Tom Waits,John Lurie,Roberto Benigni,Nicoletta Braschi,47834,1436000
1985,114,7.8,62.0,Sean Astin,Josh Brolin,Jeff Cohen,Corey Feldman,244430,61503218
1985,154,7.8,78.0,Danny Glover,Whoopi Goldberg,Oprah Winfrey,Margaret Avery,78321,98467863
1985,97,7.8,66.0,Emilio Estevez,Judd Nelson,Molly Ringwald,Ally Sheedy,357026,45875171
1984,141,7.8,76.0,Sam Waterston,Haing S. Ngor,John Malkovich,Julian Sands,51585,34700291
1984,105,7.8,71.0,Bill Murray,Dan Aykroyd,Sigourney Weaver,Harold Ramis,355413,238632124
1983,193,7.8,91.0,Sam Shepard,Scott Glenn,Ed Harris,Dennis Quaid,56235,21500000
1982,109,7.8,73.0,Robert De Niro,Jerry Lewis,Diahnne Abbott,Sandra Bernhard,88511,2500000
1982,115,7.8,91.0,Henry Thomas,Drew Barrymore,Peter Coyote,Dee Wallace,372490,435110554
1979,105,7.8,77.0,Dustin Hoffman,Meryl Streep,Jane Alexander,Justin Henry,133351,106260000
1978,94,7.8,93.0,Richard Gere,Brooke Adams,Sam Shepard,Linda Manz,52852,
1976,135,7.8,69.0,Clint Eastwood,Sondra Locke,Chief Dan George,Bill McKinney,65659,31800000
1975,129,7.8,91.0,Sean Connery,Michael Caine,Christopher Plummer,Saeed Jaffrey,44917,
1974,113,7.8,85.0,Gene Hackman,John Cazale,Allen Garfield,Frederic Forrest,98611,4420000
1973,72,7.8,73.0,Barry Bostwick,Jennifer Drake,Eric Baugin,Jean Topart,25229,193817
1973,143,7.8,80.0,Edward Fox,Terence Alexander,Michel Auclair,Alan Badel,37445,16056255
1973,94,7.8,93.0,Martin Sheen,Sissy Spacek,Warren Oates,Ramon Bieri,66009,
1972,124,7.8,80.0,Liza Minnelli,Michael York,Helmut Griem,Joel Grey,48334,42765000
1971,100,7.8,67.0,Gene Wilder,Jack Albertson,Peter Ostrum,Roy Kinnear,178731,4000000
1969,113,7.8,79.0,Dustin Hoffman,Jon Voight,Sylvia Miles,John McGiver,101124,44785053
1967,108,7.8,81.0,Audrey Hepburn,Alan Arkin,Richard Crenna,Efrem Zimbalist Jr.,27733,17550741
1967,108,7.8,63.0,Spencer Tracy,Sidney Poitier,Katharine Hepburn,Katharine Houghton,39642,56700000
1967,111,7.8,86.0,Warren Beatty,Faye Dunaway,Michael J. Pollard,Gene Hackman,102415,
1964,170,7.8,95.0,Audrey Hepburn,Rex Harrison,Stanley Holloway,Wilfrid Hyde-White,86525,72000000
1964,139,7.8,88.0,Julie Andrews,Dick Van Dyke,David Tomlinson,Glynis Johns,158029,102272727
1962,178,7.8,75.0,Andrew Marton,Gerd Oswald,Bernhard Wicki,Darryl F. Zanuck,52141,39100000
1962,105,7.8,97.0,Jeanne Moreau,Oskar Werner,Henri Serre,Vanna Urbino,37605,
1961,100,7.8,88.0,Deborah Kerr,Peter Wyngarde,Megs Jenkins,Michael Redgrave,27007,2616000
1943,108,7.8,94.0,Teresa Wright,Joseph Cotten,Macdonald Carey,Henry Travers,59556,
1939,96,7.8,93.0,John Wayne,Claire Trevor,Andy Devine,John Carradine,43621,
1938,96,7.8,98.0,Margaret Lockwood,Michael Redgrave,Paul Lukas,May Whitty,47400,
1938,102,7.8,91.0,Katharine Hepburn,Cary Grant,Charles Ruggles,Walter Catlett,55163,
1935,75,7.8,95.0,Boris Karloff,Elsa Lanchester,Colin Clive,Valerie Hobson,43542,4360000
1933,69,7.8,93.0,Groucho Marx,Harpo Marx,Chico Marx,Zeppo Marx,55581,
1932,93,7.8,87.0,Richard Rosson,Paul Muni,Ann Dvorak,Karen Morley,25312,
1931,70,7.8,91.0,Colin Clive,Mae Clarke,Boris Karloff,John Boles,65341,
2018,135,7.7,96.0,Yalitza Aparicio,Marina de Tavira,Diego Cortina Autrey,Carlos Peralta,140375,
2017,104,7.7,85.0,Josh O'Connor,Alec Secareanu,Gemma Jones,Ian Hart,25198,335609
2018,119,7.7,66.0,Ryan Reynolds,Josh Brolin,Morena Baccarin,Julian Dennison,478586,324591735
2017,107,7.7,73.0,Kelsey Asbille,Jeremy Renner,Julia Jones,Teo Briones,205444,33800859
2017,104,7.7,85.0,Daniel Kaluuya,Allison Williams,Bradley Whitford,Catherine Keener,492851,176040665
2018,147,7.7,86.0,Tom Cruise,Henry Cavill,Ving Rhames,Simon Pegg,291257,220159104
2015,116,7.7,70.0,Rolf Lassgård,Bahar Pars,Filip Berg,Ida Engvoll,47444,3358518
2014,86,7.7,76.0,Taika Waititi,Jemaine Clement,Taika Waititi,Cori Gonzalez-Macuer,157498,3333000
2014,103,7.7,72.0,Hiromasa Yonebayashi,Sara Takatsuki,Kasumi Arimura,Nanako Matsushima,32798,765127
2014,123,7.7,72.0,Eddie Redmayne,Felicity Jones,Tom Prior,Sophie Perry,404182,35893537
2014,129,7.7,60.0,Colin Firth,Taron Egerton,Samuel L. Jackson,Michael Caine,590440,128261724
2014,126,7.7,69.0,Shailene Woodley,Ansel Elgort,Nat Wolff,Laura Dern,344312,124872350
2015,105,7.7,74.0,Thomas Mann,RJ Cyler,Olivia Cooke,Nick Offerman,123210,6743776
2014,119,7.7,87.0,Michael Keaton,Zach Galifianakis,Edward Norton,Andrea Riseborough,580291,42340598
2013,180,7.7,89.0,Léa Seydoux,Adèle Exarchopoulos,Salim Kechiouche,Aurélien Recoing,138741,2199675
2013,130,7.7,40.0,Amit Sadh,Sushant Singh Rajput,Rajkummar Rao,Amrita Puri,32628,1122527
2012,111,7.7,70.0,Veerle Baetens,Johan Heldenbergh,Nell Cattrysse,Geert Van Rampelberg,39379,175058
2014,136,7.7,70.0,Joe Russo,Chris Evans,Samuel L. Jackson,Scarlett Johansson,736182,259766572
2013,115,7.7,87.0,Bruce Dern,Will Forte,June Squibb,Bob Odenkirk,112298,17654912
2012,101,7.7,72.0,John C. Reilly,Jack McBrayer,Jane Lynch,Sarah Silverman,380195,189422889
2015,108,7.7,70.0,Jeff Bridges,Mackenzie Foy,Rachel McAdams,Marion Cotillard,56720,1339152
2011,98,7.7,52.0,Adrien Brody,Christina Hendricks,Marcia Gay Harden,Lucy Liu,77071,71177
2011,96,7.7,81.0,Owen Wilson,Rachel McAdams,Kathy Bates,Kurt Fuller,388089,56816662
2014,100,7.7,83.0,Phil Lord,Chris Pratt,Will Ferrell,Elizabeth Banks,323982,257760692
2013,91,7.7,96.0,Sandra Bullock,George Clooney,Ed Harris,Orto Ignatiussen,769145,274092705
2013,132,7.7,72.0,Chris Pine,Zachary Quinto,Zoe Saldana,Benedict Cumberbatch,463188,228778661
2015,137,7.7,79.0,Abraham Attah,Emmanuel Affadzi,Ricky Adelayitor,Andrew Adote,73964,83861
2010,120,7.7,95.0,Jesse Eisenberg,Andrew Garfield,Justin Timberlake,Rooney Mara,624982,96962694
2011,131,7.7,65.0,James McAvoy,Michael Fassbender,Jennifer Lawrence,Kevin Bacon,645512,146408305
2009,100,7.7,73.0,Zach Galifianakis,Bradley Cooper,Justin Bartha,Ed Helms,717559,277322503
2012,143,7.7,81.0,Daniel Craig,Javier Bardem,Naomie Harris,Judi Dench,630614,304360277
2012,122,7.7,81.0,Bradley Cooper,Jennifer Lawrence,Robert De Niro,Jacki Weaver,661871,132092958
2012,120,7.7,86.0,Ben Affleck,Bryan Cranston,John Goodman,Alan Arkin,572581,136025503
2009,95,7.7,76.0,Zooey Deschanel,Joseph Gordon-Levitt,Geoffrey Arend,Chloë Grace Moretz,472242,32391374
2010,146,7.7,65.0,Daniel Radcliffe,Emma Watson,Rupert Grint,Bill Nighy,479120,295983305
2008,101,7.7,86.0,Cate Blanchett,Matt Damon,Liam Neeson,Tomoko Yamaguchi,125317,15090400
2008,122,7.7,80.0,Frank Langella,Michael Sheen,Kevin Bacon,Sam Rockwell,103330,18593156
2006,90,7.7,81.0,Megumi Hayashibara,Tôru Emori,Katsunosuke Hori,Tôru Furuya,71379,881302
2008,141,7.7,63.0,Angelina Jolie,Colm Feore,Amy Ryan,Gattlin Griffith,239203,35739802
2010,90,7.7,45.0,Madeline Carroll,Callan McAuliffe,Rebecca De Mornay,Anthony Edwards,81446,1752214
2006,101,7.7,86.0,Thomas Turgoose,Stephen Graham,Jo Hartley,Andrew Shim,115576,327919
2014,108,7.7,78.0,Alicia Vikander,Domhnall Gleeson,Oscar Isaac,Sonoya Mizuno,474141,25442958
2006,120,7.7,78.0,Mads Mikkelsen,Sidse Babett Knudsen,Rolf Lassgård,Neeral Mulchandani,32001,412544
2006,123,7.7,74.0,James McAvoy,Forest Whitaker,Gillian Anderson,Kerry Washington,175355,17605861
2007,157,7.7,78.0,Jake Gyllenhaal,Robert Downey Jr.,Mark Ruffalo,Anthony Edwards,466080,33080084
2006,110,7.7,53.0,Josh Hartnett,Ben Kingsley,Morgan Freeman,Lucy Liu,299524,22494487
2005,116,7.7,70.0,Diane Kruger,Benno Fürmann,Guillaume Canet,Natalie Dessay,28003,1054361
2007,122,7.7,78.0,Sam Riley,Samantha Morton,Craig Parkinson,Alexandra Maria Lara,61609,871577
2010,100,7.7,71.0,Byron Howard,Mandy Moore,Zachary Levi,Donna Murphy,405922,200821936
2006,145,7.7,71.0,Carice van Houten,Sebastian Koch,Thom Hoffman,Halina Reijn,72643,4398392
2005,134,7.7,87.0,Jake Gyllenhaal,Heath Ledger,Michelle Williams,Randy Quaid,323103,83043761
2007,122,7.7,76.0,Russell Crowe,Christian Bale,Ben Foster,Logan Lerman,288797,53606916
2004,112,7.7,66.0,Don Cheadle,Sandra Bullock,Thandie Newton,Karina Arroyave,419483,54580300
2004,99,7.7,78.0,Stephen Chow,Wah Yuen,Qiu Yuen,Siu-Lung Leung,127250,17108591
2004,108,7.7,73.0,Matt Damon,Franka Potente,Joan Allen,Brian Cox,434841,176241941
2004,101,7.7,61.0,Christian Bale,Jennifer Jason Leigh,Aitana Sánchez-Gijón,John Sharian,358432,1082715
2004,152,7.7,73.0,Jamie Foxx,Regina King,Kerry Washington,Clifton Powell,138356,75331600
2003,102,7.7,89.0,Bill Murray,Scarlett Johansson,Giovanni Ribisi,Anna Faris,415074,44585453
2005,157,7.7,81.0,Daniel Radcliffe,Emma Watson,Rupert Grint,Eric Sykes,548619,290013036
2004,146,7.7,47.0,Denzel Washington,Christopher Walken,Dakota Fanning,Radha Mitchell,329592,77911774
2009,100,7.7,80.0,Dakota Fanning,Teri Hatcher,John Hodgman,Jennifer Saunders,197761,75286229
2003,154,7.7,55.0,Tom Cruise,Ken Watanabe,Billy Connolly,William Atherton,400049,111110575
2002,114,7.7,83.0,Eileen Walsh,Dorothy Duffy,Nora-Jane Noone,Anne-Marie Duff,25938,4890878
2003,121,7.7,68.0,Daniel Brühl,Katrin Saß,Chulpan Khamatova,Florian Lukas,137981,4064200
2002,105,7.7,76.0,Paddy Considine,Samantha Morton,Djimon Hounsou,Sarah Bolger,40403,15539266
2001,132,7.7,28.0,Sean Penn,Michelle Pfeiffer,Dakota Fanning,Dianne Wiest,142863,40311852
2002,115,7.7,83.0,Nicolas Cage,Meryl Streep,Chris Cooper,Tilda Swinton,178565,22245861
2001,144,7.7,74.0,Josh Hartnett,Ewan McGregor,Tom Sizemore,Eric Bana,364254,108638745
2002,117,7.7,72.0,Tom Hanks,Tyler Hoechlin,Rob Maxey,Liam Aiken,246840,104454762
2001,120,7.7,60.0,Moritz Bleibtreu,Christian Berkel,Oliver Stokowski,Wotan Wilke Möhring,90842,141072
2000,110,7.7,74.0,Jamie Bell,Julie Walters,Jean Heywood,Jamie Draven,126770,21995263
2001,95,7.7,85.0,John Cameron Mitchell,Miriam Shor,Stephen Trask,Theodore Liscinski,31957,3029081
2001,116,7.7,74.0,George Clooney,Brad Pitt,Julia Roberts,Matt Damon,516372,183417150
2000,103,7.7,62.0,Andrew Philpot,John Rafter Lee,Pamela Adlon,Wendee Lee,29210,151086
2000,107,7.7,69.0,Ethan Coen,George Clooney,John Turturro,Tim Blake Nelson,286742,45512588
1999,81,7.7,73.0,Trey Parker,Matt Stone,Mary Kay Bergman,Isaac Hayes,192112,52037603
1999,89,7.7,68.0,Ron Livingston,Jennifer Aniston,David Herman,Ajay Naidu,241575,10824921
1998,134,7.7,81.0,Jane Adams,Jon Lovitz,Philip Seymour Hoffman,Dylan Baker,66408,2807390
2001,122,7.7,69.0,Denzel Washington,Ethan Hawke,Scott Glenn,Tom Berenger,390247,76631907
1998,93,7.7,86.0,Jason Schwartzman,Bill Murray,Olivia Williams,Seymour Cassel,169229,17105219
1999,113,7.7,90.0,John Cusack,Cameron Diaz,Catherine Keener,John Malkovich,312542,22858926
1997,139,7.7,67.0,Jack Nicholson,Helen Hunt,Greg Kinnear,Cuba Gooding Jr.,275755,148478011
1997,126,7.7,52.0,Bruce Willis,Milla Jovovich,Gary Oldman,Ian Holm,434125,63540020
1998,80,7.7,73.0,Thierry Lhermitte,Jacques Villeret,Francis Huster,Daniel Prévost,37424,4065116
1997,127,7.7,76.0,Al Pacino,Johnny Depp,Michael Madsen,Bruno Kirby,279318,41909762
1996,105,7.7,87.0,Geoffrey Rush,Armin Mueller-Stahl,Justin Braine,Sonia Todd,51350,35811509
1996,129,7.7,47.0,Richard Gere,Laura Linney,Edward Norton,John Mahoney,189716,56116183
1995,97,7.7,83.0,Liesel Matthews,Eleanor Bron,Liam Cunningham,Rusty Schwimmer,32236,10019307
1995,99,7.7,71.0,Leon Lai,Michelle Reis,Takeshi Kaneshiro,Charlie Yeung,26429,
1994,108,7.7,81.0,Massimo Troisi,Massimo Troisi,Philippe Noiret,Maria Grazia Cucinotta,33600,21848932
1994,92,7.7,70.0,Brian O'Halloran,Jeff Anderson,Marilyn Ghigliotti,Lisa Spoonauer,211450,3151130
1993,188,7.7,79.0,Andie MacDowell,Julianne Moore,Tim Robbins,Bruce Davison,42275,6110979
1993,125,7.7,66.0,Tom Hanks,Denzel Washington,Roberta Maxwell,Buzz Kilman,224169,77324422
1992,85,7.7,64.0,Michael Caine,Kermit the Frog,Dave Goelz,Miss Piggy,50298,27281507
1992,202,7.7,73.0,Denzel Washington,Angela Bassett,Delroy Lindo,Spike Lee,85819,48169908
1992,112,7.7,76.0,Daniel Day-Lewis,Madeleine Stowe,Russell Means,Eric Schweig,150409,75505856
1992,94,7.7,83.0,Shûichirô Moriyama,Tokiko Katô,Bunshi Katsura Vi,Tsunehiko Kamijô,77798,
1992,100,7.7,82.0,Al Pacino,Jack Lemmon,Alec Baldwin,Alan Arkin,95826,10725228
1992,138,7.7,62.0,Tom Cruise,Jack Nicholson,Demi Moore,Kevin Bacon,235388,141340178
1991,130,7.7,64.0,Kathy Bates,Jessica Tandy,Mary Stuart Masterson,Mary-Louise Parker,66941,82418501
1991,116,7.7,69.0,Ethan Coen,John Turturro,John Goodman,Judy Davis,113240,6153939
1990,115,7.7,66.0,Ethan Coen,Gabriel Byrne,Albert Finney,John Turturro,125822,5080409
1988,104,7.7,83.0,Bob Hoskins,Christopher Lloyd,Joanna Cassidy,Charles Fleischer,182009,156452370
1987,107,7.7,84.0,Richard E. Grant,Paul McGann,Richard Griffiths,Ralph Brown,40396,1544889
1987,163,7.7,76.0,John Lone,Joan Chen,Peter O'Toole,Ruocheng Ying,94326,43984230
1987,153,7.7,62.0,Christian Bale,John Malkovich,Miranda Richardson,Nigel Havers,115677,22238696
1986,130,7.7,54.0,Sean Connery,Christian Slater,Helmut Qualtinger,Elya Baskin,102031,7153487
1986,120,7.7,76.0,Isabella Rossellini,Kyle MacLachlan,Dennis Hopper,Laura Dern,181285,8551228
1985,82,7.7,75.0,Mia Farrow,Jeff Daniels,Danny Aiello,Irving Metzman,47102,10631333
1985,97,7.7,90.0,Griffin Dunne,Rosanna Arquette,Verna Bloom,Tommy Chong,59635,10600000
1982,129,7.7,77.0,Paul Newman,Charlotte Rampling,Jack Warden,James Mason,36096,54000000
1982,113,7.7,67.0,William Shatner,Leonard Nimoy,DeForest Kelley,James Doohan,112704,78912963
1982,93,7.7,61.0,Sylvester Stallone,Brian Dennehy,Richard Crenna,Bill McKinney,226541,47212904
1980,124,7.7,86.0,Donald Sutherland,Mary Tyler Moore,Judd Hirsch,Timothy Hutton,47099,54800000
1980,88,7.7,78.0,David Zucker,Jerry Zucker,Robert Hays,Julie Hagerty,214882,83400000
1979,100,7.7,71.0,Yasuo Yamada,Eiko Masuyama,Kiyoshi Kobayashi,Makio Inoue,27014,
1978,91,7.7,87.0,Donald Pleasence,Jamie Lee Curtis,Tony Moran,Nancy Kyes,233106,47000000
1976,126,7.7,71.0,Roman Polanski,Isabelle Adjani,Melvyn Douglas,Jo Van Fleet,39889,1924733
1975,85,7.7,89.0,Woody Allen,Diane Keaton,Georges Adet,Frank Adu,36037,
1974,104,7.7,68.0,Walter Matthau,Robert Shaw,Martin Balsam,Hector Elizondo,26729,
1974,93,7.7,73.0,Cleavon Little,Gene Wilder,Slim Pickens,Harvey Korman,125993,119500000
1973,130,7.7,87.0,Al Pacino,John Randolph,Jack Kehoe,Biff McGuire,109941,29800000
1973,102,7.7,83.0,Bruce Lee,John Saxon,Jim Kelly,Ahna Capri,96561,25000000
1972,109,7.7,80.0,Jon Voight,Burt Reynolds,Ned Beatty,Ronny Cox,98740,7056013
1971,104,7.7,94.0,Gene Hackman,Roy Scheider,Fernando Rey,Tony Lo Bianco,110075,15630710
1971,102,7.7,90.0,Clint Eastwood,Andrew Robinson,Harry Guardino,Reni Santoni,143292,35900000
1968,158,7.7,63.0,Richard Burton,Clint Eastwood,Mary Ure,Patrick Wymark,51913,
1968,105,7.7,86.0,Jack Lemmon,Walter Matthau,John Fiedler,Herb Edelman,31572,44527234
1967,150,7.7,73.0,Lee Marvin,Ernest Borgnine,Charles Bronson,John Cassavetes,67183,45300000
1966,120,7.7,72.0,Paul Scofield,Wendy Hiller,Robert Shaw,Leo McKern,31222,28350000
1965,105,7.7,91.0,Catherine Deneuve,Ian Hendry,John Fraser,Yvonne Furneaux,48883,
1964,138,7.7,77.0,Stanley Baker,Jack Hawkins,Ulla Jacobsson,James Booth,35999,
1964,110,7.7,87.0,Sean Connery,Gert Fröbe,Honor Blackman,Shirley Eaton,174119,51081062
1963,119,7.7,90.0,Rod Taylor,Tippi Hedren,Jessica Tandy,Suzanne Pleshette,171739,11403529
1962,106,7.7,76.0,Gregory Peck,Robert Mitchum,Polly Bergen,Lori Martin,26457,
1960,128,7.7,74.0,Yul Brynner,Steve McQueen,Charles Bronson,Eli Wallach,87719,4905000
1960,90,7.7,90.0,Pierre Brasseur,Alida Valli,Juliette Mayniel,Alexandre Rignault,27620,52709
1956,80,7.7,92.0,Kevin McCarthy,Dana Wynter,Larry Gates,King Donovan,44839,
1955,111,7.7,89.0,James Dean,Natalie Wood,Sal Mineo,Jim Backus,83363,
1955,91,7.7,91.0,Alec Guinness,Peter Sellers,Cecil Parker,Herbert Lom,26464,
1954,113,7.7,72.0,Humphrey Bogart,Audrey Hepburn,William Holden,Walter Hampden,59415,
1951,105,7.7,91.0,Humphrey Bogart,Katharine Hepburn,Robert Morley,Peter Bull,71481,536118
1940,125,7.7,96.0,Samuel Armstrong,Ford Beebe Jr.,Norman Ferguson,David Hand,88662,76408097
1933,71,7.7,87.0,Claude Rains,Gloria Stuart,William Harrigan,Henry Travers,30683,
2019,126,7.6,73.0,Mark Ruffalo,Anne Hathaway,Tim Robbins,Bill Pullman,60408,
2018,102,7.6,71.0,John Cho,Debra Messing,Joseph Lee,Michelle La,140840,26020957
2019,161,7.6,83.0,Leonardo DiCaprio,Brad Pitt,Margot Robbie,Emile Hirsch,551309,142502728
2017,127,7.6,86.0,Maryana Spivak,Aleksey Rozin,Matvey Novikov,Marina Vasileva,29765,566356
2017,111,7.6,92.0,Brooklynn Prince,Bria Vinaite,Willem Dafoe,Christopher Rivera,95181,5904366
2019,137,7.6,68.0,Michael B. Jordan,Jamie Foxx,Brie Larson,Charlie Pye Jr.,46739,
2017,101,7.6,60.0,Chris Evans,Mckenna Grace,Lindsay Duncan,Octavia Spencer,99643,24801212
2019,97,7.6,70.0,Michael Schwartz,Zack Gottsagen,Ann Owens,Dakota Johnson,66346,13122642
2015,138,7.6,77.0,Laia Costa,Frederick Lau,Franz Rogowski,Burak Yigit,52903,
2015,97,7.6,83.0,Günes Sensoy,Doga Zeynep Doguslu,Tugba Sunguroglu,Elit Iscan,35785,845464
2017,136,7.6,67.0,Chris Pratt,Zoe Saldana,Dave Bautista,Vin Diesel,569974,389813101
2017,113,7.6,86.0,Ansel Elgort,Jon Bernthal,Jon Hamm,Eiza González,439406,107825862
2017,134,7.6,72.0,Josh Brolin,Miles Teller,Jeff Bridges,Jennifer Connelly,58371,18340051
2015,142,7.6,81.0,Tom Hanks,Mark Rylance,Alan Alda,Amy Ryan,287659,72313754
2018,118,7.6,80.0,Craig T. Nelson,Holly Hunter,Sarah Vowell,Huck Milner,250057,608581744
2016,107,7.6,81.0,John Musker,Don Hall,Chris Williams,Auli'i Cravalho,272784,248757044
2015,121,7.6,82.0,Emily Blunt,Josh Brolin,Benicio Del Toro,Jon Bernthal,371291,46889293
2015,133,7.6,82.0,Michael B. Jordan,Sylvester Stallone,Tessa Thompson,Phylicia Rashad,247666,109767581
2014,140,7.6,92.0,Aleksey Serebryakov,Elena Lyadova,Roman Madyanov,Vladimir Vdovichenkov,49397,1092800
2016,102,7.6,88.0,Chris Pine,Ben Foster,Jeff Bridges,Gil Birmingham,204175,26862450
2013,98,7.6,77.0,Judi Dench,Steve Coogan,Sophie Kennedy Clark,Mare Winningham,94212,37707719
2014,130,7.6,79.0,Gary Oldman,Keri Russell,Andy Serkis,Kodi Smit-McPhee,411599,208545589
2011,101,7.6,73.0,Iko Uwais,Ananda George,Ray Sahetapy,Donny Alamsyah,190531,4105123
2012,109,7.6,68.0,Jake Gyllenhaal,Michael Peña,Anna Kendrick,America Ferrera,228132,41003371
2010,94,7.6,80.0,Amy Poehler,Mirai Shida,Ryûnosuke Kamiki,Tatsuya Fujiwara,80939,19202743
2018,136,7.6,88.0,Lady Gaga,Bradley Cooper,Sam Elliott,Greg Grunberg,334312,215288866
2010,110,7.6,80.0,Joel Coen,Jeff Bridges,Matt Damon,Hailee Steinfeld,311822,171243005
2010,118,7.6,65.0,Mikael Persbrandt,Trine Dyrholm,Markus Rygaard,Wil Johnson,38491,1008098
2010,95,7.6,72.0,Chris Renaud,Steve Carell,Jason Segel,Russell Brand,500851,251513985
2011,100,7.6,72.0,Joseph Gordon-Levitt,Seth Rogen,Anna Kendrick,Bryce Dallas Howard,315426,35014192
2010,117,7.6,66.0,Aaron Taylor-Johnson,Nicolas Cage,Chloë Grace Moretz,Garrett M. Brown,524081,48071303
2011,133,7.6,87.0,Brad Pitt,Robin Wright,Jonah Hill,Philip Seymour Hoffman,369529,75605492
2011,120,7.6,70.0,Antonio Banderas,Elena Anaya,Jan Cornet,Marisa Paredes,138959,3185812
2009,88,7.6,73.0,Jesse Eisenberg,Emma Stone,Woody Harrelson,Abigail Breslin,520041,75590286
2009,128,7.6,57.0,Robert Downey Jr.,Jude Law,Rachel McAdams,Mark Strong,583158,209028679
2009,129,7.6,53.0,Quinton Aaron,Sandra Bullock,Tim McGraw,Jae Head,293266,255959475
2007,104,7.6,79.0,Richard Jenkins,Haaz Sleiman,Danai Gurira,Hiam Abbass,41544,9422422
2008,123,7.6,36.0,Will Smith,Rosario Dawson,Woody Harrelson,Michael Ealy,286770,69951824
2007,100,7.6,82.0,Naomi Watts,Viggo Mortensen,Armin Mueller-Stahl,Josef Altin,227760,17114882
2007,127,7.6,66.0,Charlie Cox,Claire Danes,Sienna Miller,Ian McKellen,255036,38634938
2009,71,7.6,81.0,Nora Twomey,Evan McGuire,Brendan Gleeson,Mick Lally,31779,686383
2006,129,7.6,76.0,Denzel Washington,Clive Owen,Jodie Foster,Christopher Plummer,339757,88513495
2007,114,7.6,72.0,Morgan Freeman,Ed Harris,Casey Affleck,Michelle Monaghan,250590,20300218
2007,140,7.6,66.0,Marion Cotillard,Sylvie Testud,Pascal Greggory,Emmanuelle Seigner,82781,10301706
2006,104,7.6,70.0,Jet Li,Li Sun,Yong Dong,Yun Qu,72863,24633730
2006,110,7.6,68.0,Edward Norton,Jessica Biel,Paul Giamatti,Rufus Sewell,354728,39868642
2004,90,7.6,52.0,Paddy Considine,Gary Stretch,Toby Kebbell,Stuart Wolfenden,49728,6013
2009,153,7.6,78.0,Daniel Radcliffe,Emma Watson,Rupert Grint,Michael Gambon,474827,301959197
2006,117,7.6,52.0,Gerard Butler,Lena Headey,David Wenham,Dominic West,732876,210614939
2005,124,7.6,72.0,Scarlett Johansson,Jonathan Rhys Meyers,Emily Mortimer,Matthew Goode,206294,23089926
2009,162,7.6,56.0,Jackie Earle Haley,Patrick Wilson,Carla Gugino,Malin Akerman,500799,107509799
2005,122,7.6,62.0,Nicolas Cage,Ethan Hawke,Jared Leto,Bridget Moynahan,294140,24149632
2004,103,7.6,46.0,Cary Elwes,Leigh Whannell,Danny Glover,Ken Leung,379020,56000369
2008,124,7.6,67.0,Philip Seymour Hoffman,Samantha Morton,Michelle Williams,Catherine Keener,83158,3081925
2004,105,7.6,73.0,Brady Corbet,Joseph Gordon-Levitt,Elisabeth Shue,Chase Ellison,65939,697181
2003,93,7.6,45.0,Guillaume Canet,Marion Cotillard,Thibault Verhaeghe,Joséphine Lebas-Joly,67360,548707
2004,133,7.6,76.0,Audrey Tautou,Gaspard Ulliel,Jodie Foster,Dominique Pinon,70925,6167817
2003,89,7.6,81.0,Peter Dinklage,Patricia Clarkson,Bobby Cannavale,Paul Benjamin,67370,5739376
2003,124,7.6,70.0,Sean Penn,Benicio Del Toro,Naomi Watts,Danny Huston,224545,16290476
2002,129,7.6,56.0,Kang-ho Song,Shin Ha-kyun,Bae Doona,Ji-Eun Lim,62659,45289
2004,106,7.6,67.0,Johnny Depp,Kate Winslet,Julie Christie,Radha Mitchell,198677,51680613
2002,135,7.6,68.0,Edward Norton,Barry Pepper,Philip Seymour Hoffman,Rosario Dawson,169708,13060843
2004,113,7.6,30.0,J. Mackye Gruber,Ashton Kutcher,Amy Smart,Melora Walters,451479,57938693
2002,113,7.6,73.0,Cillian Murphy,Naomie Harris,Christopher Eccleston,Alex Palmer,376853,45064915
2000,114,7.6,81.0,Tatsuya Fujiwara,Aki Maeda,Tarô Yamamoto,Takeshi Kitano,169091,
2001,110,7.6,76.0,Gene Hackman,Gwyneth Paltrow,Anjelica Huston,Ben Stiller,266842,52364010
2001,106,7.6,88.0,Maribel Verdú,Gael García Bernal,Daniel Giménez Cacho,Ana López Mercado,115827,13622333
2001,152,7.6,64.0,Daniel Radcliffe,Rupert Grint,Richard Harris,Maggie Smith,658185,317575550
2001,101,7.6,74.0,Nicole Kidman,Christopher Eccleston,Fionnula Flanagan,Alakina Mann,337651,96522687
2001,124,7.6,52.0,Johnny Depp,Penélope Cruz,Franka Potente,Rachel Griffiths,240714,52990775
2001,131,7.6,53.0,Jude Law,Ed Harris,Joseph Fiennes,Rachel Weisz,243729,51401758
2002,145,7.6,80.0,Tom Cruise,Colin Farrell,Samantha Morton,Max von Sydow,508417,132072926
1999,146,7.6,74.0,Denzel Washington,Vicellous Shannon,Deborah Kara Unger,Liev Schreiber,91557,50668906
2000,101,7.6,64.0,Christian Bale,Justin Theroux,Josh Lucas,Bill Sage,490062,15070285
1998,81,7.6,77.0,Franka Potente,Moritz Bleibtreu,Herbert Knaup,Nina Petri,188317,7267585
1998,170,7.6,78.0,Jim Caviezel,Sean Penn,Nick Nolte,Kirk Acevedo,172710,36400491
1998,88,7.6,71.0,Barry Cook,Ming-Na Wen,Eddie Murphy,BD Wong,256906,120620254
1998,118,7.6,41.0,Johnny Depp,Benicio Del Toro,Tobey Maguire,Michael Lee Gogin,259753,10680275
1997,108,7.6,69.0,Susanne Lothar,Ulrich Mühe,Arno Frisch,Frank Giering,65058,
1998,100,7.6,66.0,Rufus Sewell,Kiefer Sutherland,Jennifer Connelly,William Hurt,187927,14378331
1996,147,7.6,49.0,Robert De Niro,Kevin Bacon,Brad Pitt,Jason Patric,186734,49100000
1997,134,7.6,52.0,Bill Pullman,Patricia Arquette,John Roselius,Louis Eppolito,131101,3796699
1995,136,7.6,84.0,Emma Thompson,Kate Winslet,James Fleet,Tom Wilkinson,102598,43182776
1995,128,7.6,58.0,Bruce Willis,Jeremy Irons,Samuel L. Jackson,Graham Greene,364420,100012499
1995,121,7.6,62.0,Johnny Depp,Gary Farmer,Crispin Glover,Lance Henriksen,90442,1037847
1995,135,7.6,69.0,Clint Eastwood,Meryl Streep,Annie Corley,Victor Slezak,73172,71516617
1995,140,7.6,77.0,Tom Hanks,Bill Paxton,Kevin Bacon,Gary Sinise,269197,173837933
1994,92,7.6,88.0,Zbigniew Zamachowski,Julie Delpy,Janusz Gajos,Jerzy Stuhr,64390,1464625
1993,113,7.6,56.0,Michael Douglas,Robert Duvall,Barbara Hershey,Rachel Ticotin,171640,40903593
1993,102,7.6,78.0,Jason London,Wiley Wiggins,Matthew McConaughey,Rory Cochrane,165465,7993039
1992,120,7.6,68.0,Joe Pesci,Marisa Tomei,Ralph Macchio,Mitchell Whitfield,107325,52929168
1991,118,7.6,90.0,Miki Imai,Toshirô Yanagiba,Yoko Honna,Mayumi Izuka,27071,453243
1991,99,7.6,66.0,Jean-Pierre Jeunet,Marie-Laure Dougnac,Dominique Pinon,Pascal Benezech,80487,1794187
1990,103,7.6,63.0,Macaulay Culkin,Joe Pesci,Daniel Stern,John Heard,488817,285761243
1990,162,7.6,60.0,Al Pacino,Diane Keaton,Andy Garcia,Talia Shire,359809,66666062
1989,95,7.6,76.0,Billy Crystal,Meg Ryan,Carrie Fisher,Bruno Kirby,195663,92823600
1989,83,7.6,88.0,John Musker,Jodi Benson,Samuel E. Wright,Rene Auberjonois,237696,111543479
1988,85,7.6,76.0,Leslie Nielsen,Priscilla Presley,O.J. Simpson,Ricardo Montalban,152871,78756177
1987,93,7.6,72.0,Steve Martin,John Candy,Laila Robins,Michael McKean,124773,49530280
1987,109,7.6,68.0,Mel Gibson,Danny Glover,Gary Busey,Mitchell Ryan,236894,65207127
1984,99,7.6,82.0,Ethan Coen,John Getz,Frances McDormand,Dan Hedaya,87745,2150000
1981,109,7.6,68.0,Katharine Hepburn,Henry Fonda,Jane Fonda,Doug McKeon,27650,119285432
1981,96,7.6,77.0,Mel Gibson,Bruce Spence,Michael Preston,Max Phipps,166588,12465371
1979,92,7.6,65.0,Michael Beck,James Remar,Dorsey Wright,Brian Tyler,93878,22490039
1979,95,7.6,74.0,Jim Henson,Frank Oz,Jerry Nelson,Richard Hunt,32802,76657000
1979,112,7.6,76.0,Clint Eastwood,Patrick McGoohan,Roberts Blossom,Jack Thibeau,121731,43000000
1978,91,7.6,64.0,John Hubley,John Hurt,Richard Briers,Ralph Richardson,33656,
1978,121,7.6,59.0,Brad Davis,Irene Miracle,Bo Hopkins,Paolo Bonacelli,73662,35000000
1977,138,7.6,90.0,Richard Dreyfuss,François Truffaut,Teri Garr,Melinda Dillon,184966,132088635
1973,112,7.6,87.0,Elliott Gould,Nina van Pallandt,Sterling Hayden,Mark Rydell,26337,959000
1971,157,7.6,77.0,Rod Steiger,James Coburn,Romolo Valli,Maria Monti,30144,696690
1970,144,7.6,50.0,Clint Eastwood,Telly Savalas,Don Rickles,Carroll O'Connor,45338,1378435
1967,78,7.6,65.0,Phil Harris,Sebastian Cabot,Louis Prima,Bruce Reitherman,166409,141843612
1966,111,7.6,82.0,David Hemmings,Vanessa Redgrave,Sarah Miles,John Castle,56513,
1964,87,7.6,96.0,John Lennon,Paul McCartney,George Harrison,Ringo Starr,40351,13780024
1961,115,7.6,76.0,Audrey Hepburn,George Peppard,Patricia Neal,Buddy Ebsen,166544,
1956,201,7.6,84.0,Elizabeth Taylor,Rock Hudson,James Dean,Carroll Baker,34075,
1953,118,7.6,85.0,Burt Lancaster,Montgomery Clift,Deborah Kerr,Donna Reed,43374,30500000
1944,97,7.6,78.0,Tallulah Bankhead,John Hodiak,Walter Slezak,William Bendix,26471,
1935,86,7.6,93.0,Robert Donat,Madeleine Carroll,Lucie Mannheim,Godfrey Tearle,51853,
